113,0,0,0,0,0,1,1,1,1,0,1,1,1,1,1,1,1,1,1,1,0,3,14,3
114,0,0,0,0,0,1,1,1,1,0,1,1,1,1,1,1,1,1,1,1,0,3,14,3
115,0,0,0,0,0,1,1,1,1,0,1,1,1,1,1,1,1,1,1,1,0,3,14,3
123,0,0,0,0,0,1,1,1,1,0,1,1,1,1,1,1,1,1,1,1,0,3,14,3
124,0,0,0,0,0,1,1,1,1,0,1,1,1,1,1,1,1,1,1,1,0,3,14,3
145,0,0,0,0,0,1,1,1,1,0,1,1,1,1,1,1,1,1,1,1,0,3,14,3
146,0,0,0,0,0,1,1,1,1,0,1,1,1,1,1,1,1,1,1,1,0,3,14,3
147,0,0,0,0,0,1,1,1,1,0,1,1,1,1,1,1,1,1,1,1,0,3,14,3
151,0,0,0,0,0,1,1,1,1,0,1,1,1,1,1,1,1,1,1,1,0,3,14,3
153,0,0,0,0,0,1,1,1,1,0,1,1,1,1,1,1,1,1,1,1,0,3,14,3
155,0,0,0,0,0,1,1,1,1,0,1,1,1,1,1,1,1,1,1,1,0,3,14,3
156,0,0,0,0,0,1,1,1,1,0,1,1,1,1,1,1,1,1,1,1,0,3,14,3
169,0,0,0,0,0,1,1,1,1,0,1,1,1,1,1,1,1,1,1,1,0,3,14,3
171,0,0,0,0,0,1,1,1,1,0,1,1,1,1,1,1,1,1,1,1,0,3,14,3
172,0,0,0,0,0,1,1,1,1,0,1,1,1,1,1,1,1,1,1,1,0,3,14,3
173,0,0,0,0,0,1,1,1,1,0,1,1,1,1,1,1,1,1,1,1,0,3,14,3
174,0,0,0,0,0,1,1,1,1,0,1,1,1,1,1,1,1,1,1,1,0,3,14,3
185,0,0,0,0,0,1,1,1,1,0,1,1,1,1,1,1,1,1,1,1,0,3,14,3
187,0,0,0,0,0,1,1,1,1,0,1,1,0,1,1,1,0,0,1,1,0,3,11,6
188,0,0,0,0,0,0,0,0,0,0,0,0,1,0,0,0,1,1,0,0,0,3,3,14
189,0,0,0,0,0,0,0,0,0,0,0,0,1,0,0,0,1,1,0,0,0,3,3,14
191,0,0,0,0,0,1,1,1,1,0,1,1,1,1,1,1,1,1,1,1,0,3,14,3
192,0,0,0,0,0,1,1,1,1,0,1,1,1,1,1,1,1,1,1,1,0,3,14,3
207,0,0,0,0,0,0,0,0,0,0,0,0,0,0,0,0,0,0,0,0,0,3,0,17
209,0,0,0,0,0,0,0,0,0,0,0,0,0,0,0,0,0,0,0,0,0,3,0,17
210,0,0,0,0,0,0,0,0,0,0,0,0,0,0,0,0,0,0,0,0,0,3,0,17
211,0,0,0,0,0,0,0,0,0,0,0,0,0,0,0,0,0,0,0,0,0,3,0,17
219,0,0,0,0,0,0,0,0,0,0,0,0,0,0,0,0,0,0,0,0,0,3,0,17
227,0,0,0,0,0,0,0,0,0,0,0,0,0,0,0,0,0,0,0,0,0,3,0,17
513,0,0,0,0,0,1,1,1,1,0,1,1,1,1,1,1,1,1,1,1,0,3,14,3
521,0,0,0,0,0,1,1,1,1,0,1,1,1,1,1,1,1,1,1,1,0,3,14,3
527,0,0,0,0,0,1,1,1,1,0,1,1,1,1,1,1,1,1,1,1,0,3,14,3
528,0,0,0,0,0,1,1,1,1,0,1,1,1,1,1,1,1,1,1,1,0,3,14,3
530,0,0,0,0,0,1,1,1,1,0,1,1,1,1,1,1,1,1,1,1,0,3,14,3
532,0,0,0,0,0,1,1,1,1,0,1,1,1,1,1,1,1,1,1,1,0,3,14,3
533,0,0,0,0,0,1,1,1,1,0,1,1,1,1,1,1,1,1,1,1,0,3,14,3
534,0,0,0,0,0,0,1,0,0,0,1,0,0,0,0,0,0,0,0,1,0,3,3,14
535,0,0,0,0,0,1,0,1,1,0,0,1,1,1,1,1,1,1,1,0,0,3,11,6
536,0,0,0,0,0,0,0,0,0,0,0,0,0,0,0,0,0,1,0,0,0,3,1,16
540,0,0,0,0,0,1,1,1,1,0,1,1,1,1,1,1,1,1,1,1,0,3,14,3
541,0,0,0,0,0,1,1,1,1,0,1,1,1,1,1,1,1,1,1,1,0,3,14,3
546,0,0,0,0,0,1,1,1,1,0,1,1,1,1,1,1,1,1,1,1,0,3,14,3
553,0,0,0,0,0,1,1,1,1,0,1,1,1,1,1,1,1,1,1,1,0,3,14,3
554,0,0,0,0,0,0,0,0,0,0,0,0,0,0,0,0,0,0,0,0,0,3,0,17
555,0,0,0,0,0,0,0,0,0,0,0,0,0,0,0,0,0,0,0,0,0,3,0,17
557,0,0,0,0,0,1,1,1,1,0,1,1,1,1,1,1,1,1,1,1,0,3,14,3
564,0,0,0,0,0,1,1,1,1,0,1,1,1,1,1,1,1,1,1,1,0,3,14,3
566,0,0,0,0,0,1,1,1,1,0,1,1,1,1,1,1,1,1,1,1,0,3,14,3
567,0,0,0,0,0,1,1,1,1,0,1,1,1,1,1,1,1,1,1,1,0,3,14,3
589,0,0,0,0,0,1,1,1,1,0,1,1,1,1,1,1,1,1,1,1,0,3,14,3
590,0,0,0,0,0,1,1,1,1,0,1,1,1,1,1,1,1,1,1,1,0,3,14,3
593,0,0,0,0,0,1,1,1,1,0,1,1,1,1,1,1,1,1,1,1,0,3,14,3
594,0,0,0,0,0,1,1,1,1,0,1,1,1,1,1,1,1,1,1,1,0,3,14,3
614,0,0,0,0,0,1,1,1,1,0,1,1,1,1,1,1,1,1,1,1,0,3,14,3
615,0,0,0,0,0,1,1,1,1,0,1,1,1,1,1,1,1,1,1,1,0,3,14,3
616,0,0,0,0,0,1,1,1,1,0,1,1,1,1,1,1,1,1,1,1,0,3,14,3
623,0,0,0,0,0,1,1,1,1,0,1,1,1,1,1,1,1,1,1,1,0,3,14,3
625,0,0,0,0,0,1,0,1,1,0,0,1,1,1,1,1,1,1,1,0,0,3,11,6
631,0,0,0,0,0,1,1,1,1,0,1,1,1,1,1,1,1,1,1,1,0,3,14,3
670,0,0,0,0,0,1,1,1,1,0,1,1,1,1,1,1,1,1,1,1,0,3,14,3
681,0,0,0,0,0,1,1,1,1,0,1,1,1,1,1,1,1,1,1,1,0,3,14,3
691,0,0,0,0,0,1,1,1,1,0,1,1,1,1,1,1,1,1,1,1,0,3,14,3
693,0,0,0,0,0,1,1,1,1,0,1,1,1,1,1,1,1,1,1,1,0,3,14,3
694,0,0,0,0,0,1,1,1,1,0,1,1,1,1,1,1,1,1,1,1,0,3,14,3
698,0,0,0,0,0,1,1,1,1,0,1,1,1,1,1,1,1,1,1,1,0,3,14,3
699,0,0,0,0,0,1,1,1,1,0,1,1,1,1,1,1,1,1,1,1,0,3,14,3
700,0,0,0,0,0,1,1,1,1,0,1,1,1,1,1,1,1,1,1,1,0,3,14,3
704,0,0,0,0,0,1,1,1,1,0,1,1,1,1,1,1,1,1,1,1,0,3,14,3
709,0,0,0,0,0,1,1,1,1,0,1,1,1,1,1,1,1,1,1,1,0,3,14,3
710,0,0,0,0,0,1,1,1,1,0,1,1,1,1,1,1,1,1,1,1,0,3,14,3
714,0,0,0,0,0,1,1,1,1,0,1,1,1,1,1,1,1,1,1,1,0,3,14,3
716,0,0,0,0,0,1,1,1,1,0,1,1,1,1,1,1,1,1,1,1,0,3,14,3
756,0,0,0,0,0,1,1,1,1,0,1,1,1,1,1,1,1,1,1,1,0,3,14,3
762,0,0,0,0,0,1,1,1,1,0,1,1,1,1,1,1,1,1,1,1,0,3,14,3
766,0,0,0,0,0,0,0,0,0,0,0,0,0,0,0,0,0,0,0,0,0,3,0,17
767,0,0,0,0,0,1,1,1,1,0,1,1,1,1,1,1,1,1,1,1,0,3,14,3
773,0,0,0,0,0,0,0,0,0,0,0,0,0,0,0,0,0,0,0,0,0,3,0,17
777,0,0,0,0,0,0,0,0,0,0,0,0,0,0,0,0,0,0,0,0,0,3,0,17
778,0,0,0,0,0,0,0,0,0,0,0,0,0,0,0,0,0,0,0,0,0,3,0,17
780,0,0,0,0,0,0,0,0,0,0,0,0,0,0,0,0,0,0,0,0,0,3,0,17
782,0,0,0,0,0,0,0,0,0,0,0,0,0,0,0,0,0,0,0,0,0,3,0,17
783,0,0,0,0,0,0,0,0,0,0,0,0,0,0,0,0,0,0,0,0,0,3,0,17
784,0,0,0,0,0,0,0,0,0,0,0,0,0,0,0,0,0,0,0,0,0,3,0,17
786,0,0,0,0,0,0,0,0,0,0,0,0,0,0,0,0,0,0,0,0,0,3,0,17
787,0,0,0,0,0,0,0,0,0,0,0,0,0,0,0,0,0,0,0,0,0,3,0,17
788,0,0,0,0,0,0,0,0,0,0,0,0,0,0,0,0,0,0,0,0,0,3,0,17
793,0,0,0,0,0,0,0,0,0,0,0,0,0,0,0,0,0,0,0,0,0,3,0,17
796,0,0,0,0,0,1,1,1,1,0,1,1,1,1,1,1,1,1,1,1,0,3,14,3
797,0,0,0,0,0,1,1,1,1,0,1,1,1,1,1,1,1,1,1,1,0,3,14,3
798,0,0,0,0,0,1,1,1,1,0,1,1,1,1,1,1,1,1,1,1,0,3,14,3
799,0,0,0,0,0,1,1,1,1,0,1,1,1,1,1,1,1,1,1,1,0,3,14,3
801,0,0,0,0,0,0,0,0,0,0,0,0,0,0,0,0,0,0,0,0,0,3,0,17
888,0,0,0,0,0,1,1,1,1,0,1,1,1,1,1,1,1,1,1,1,0,3,14,3
889,0,0,0,0,0,1,1,1,1,0,1,1,1,1,1,1,1,1,1,1,0,3,14,3
895,0,0,0,0,0,1,1,1,1,0,1,1,1,1,1,1,1,1,1,1,0,3,14,3
899,0,0,0,0,0,1,1,1,1,0,1,1,1,1,1,1,1,1,1,1,0,3,14,3
903,0,0,0,0,0,1,1,1,1,0,1,1,1,1,1,1,1,1,1,1,0,3,14,3
907,0,0,0,0,0,1,1,1,1,0,1,1,1,1,1,1,1,1,1,1,0,3,14,3
909,0,0,0,0,0,1,1,1,1,0,1,1,1,1,1,1,1,1,1,1,0,3,14,3
915,0,0,0,0,0,1,1,1,1,0,1,1,1,1,1,1,1,1,1,1,0,3,14,3
917,0,0,0,0,0,1,1,1,1,0,1,1,1,1,1,1,1,1,1,1,0,3,14,3
920,0,0,0,0,0,1,1,1,1,0,1,1,1,1,1,1,1,1,1,1,0,3,14,3
924,0,0,0,0,0,1,1,1,1,0,1,1,1,1,1,1,1,1,1,1,0,3,14,3
930,0,0,0,0,0,1,1,1,1,0,1,1,1,1,1,1,1,1,1,1,0,3,14,3
934,0,0,0,0,0,1,1,1,1,0,1,1,1,1,1,1,1,1,1,1,0,3,14,3
939,0,0,0,0,0,1,1,1,1,0,1,1,1,1,1,1,1,1,1,1,0,3,14,3
940,0,0,0,0,0,1,1,1,1,0,1,1,1,1,1,1,1,1,1,1,0,3,14,3
942,0,0,0,0,0,1,1,1,1,0,1,1,1,1,1,1,1,1,1,1,0,3,14,3
943,0,0,0,0,0,1,1,1,1,0,1,1,1,1,1,1,1,1,1,1,0,3,14,3
949,0,0,0,0,0,1,1,1,1,0,1,1,1,1,1,1,1,1,1,1,0,3,14,3
950,0,0,0,0,0,1,1,1,1,0,1,1,1,1,1,1,1,1,1,1,0,3,14,3
951,0,0,0,0,0,1,1,1,1,0,1,1,1,1,1,1,1,1,1,1,0,3,14,3
952,0,0,0,0,0,1,1,1,1,0,1,1,1,1,1,1,1,1,1,1,0,3,14,3
953,0,0,0,0,0,1,1,1,1,0,1,1,1,1,1,1,1,1,1,1,0,3,14,3
955,0,0,0,0,0,1,1,1,1,0,1,1,1,1,1,1,1,1,1,1,0,3,14,3
961,0,0,0,0,0,1,1,1,1,0,1,1,1,1,1,1,1,1,1,1,0,3,14,3
962,0,0,0,0,0,0,0,0,0,0,0,0,0,0,0,0,0,0,0,0,0,3,0,17
964,0,0,0,0,0,1,1,1,1,0,1,1,1,1,1,1,1,1,1,1,0,3,14,3
965,0,0,0,0,0,1,1,1,1,0,1,1,1,1,1,1,1,1,1,1,0,3,14,3
970,0,0,0,0,0,1,1,1,1,0,1,1,1,1,1,1,1,1,1,1,0,3,14,3
971,0,0,0,0,0,1,1,1,1,0,1,1,1,1,1,1,1,1,1,1,0,3,14,3
972,0,0,0,0,0,1,1,1,1,0,1,1,1,1,1,1,1,1,1,1,0,3,14,3
981,0,0,0,0,0,1,1,1,1,0,1,1,1,1,1,1,1,1,1,1,0,3,14,3
983,0,0,0,0,0,1,1,1,1,0,1,1,1,1,1,1,1,1,1,1,0,3,14,3
985,0,0,0,0,0,1,1,1,1,0,1,1,1,1,1,1,1,1,1,1,0,3,14,3
1195,0,0,1,0,0,0,0,1,1,0,0,0,0,0,0,0,0,0,0,0,1,2,2,15
1199,0,0,1,0,0,0,0,1,1,0,0,0,0,0,0,0,0,0,0,0,1,2,2,15
1204,0,0,1,0,0,0,0,1,1,0,0,0,0,0,0,0,0,0,0,0,1,2,2,15
1205,0,0,1,0,0,0,0,1,1,0,0,0,0,0,0,0,0,0,0,0,1,2,2,15
1207,0,0,1,0,0,0,0,1,1,0,0,0,0,0,0,0,0,0,0,0,1,2,2,15
1213,0,0,1,0,0,0,0,1,1,0,0,0,0,0,0,0,0,0,0,0,1,2,2,15
1214,0,0,1,0,0,0,0,1,1,0,0,0,0,0,0,0,0,0,0,0,1,2,2,15
1284,1,1,1,1,1,1,1,1,1,1,1,1,1,1,1,1,1,1,1,1,3,0,17,0
1291,1,1,1,1,1,1,1,1,1,1,1,1,1,1,1,1,1,1,1,1,3,0,17,0
1293,1,1,1,1,1,1,1,1,1,1,1,1,1,1,1,1,1,1,1,1,3,0,17,0
1295,1,1,1,1,1,1,1,1,1,1,1,1,1,1,1,1,1,1,1,1,3,0,17,0
1299,1,1,1,1,1,1,1,1,1,1,1,1,1,1,1,1,1,1,1,1,3,0,17,0
1301,0,0,0,0,0,0,0,0,0,0,0,0,0,0,0,0,0,0,0,0,0,3,0,17
1302,0,0,0,0,0,0,0,0,0,0,0,0,0,0,0,0,0,0,0,0,0,3,0,17
1304,1,1,1,1,1,1,1,1,1,1,1,1,1,1,1,1,1,1,1,1,3,0,17,0
1306,0,0,0,0,0,0,0,0,0,0,0,0,0,0,0,0,0,0,0,0,0,3,0,17
1307,0,0,0,0,0,0,0,0,0,0,0,0,0,0,0,0,0,0,0,0,0,3,0,17
1309,1,1,1,1,1,1,1,1,1,1,1,1,1,1,1,1,1,1,1,1,3,0,17,0
1310,0,0,0,0,0,0,0,0,0,0,0,0,0,0,0,0,0,0,0,0,0,3,0,17
1312,1,1,1,1,1,1,1,1,1,1,1,1,1,1,1,1,1,1,1,1,3,0,17,0
1315,1,1,1,1,1,1,1,1,1,1,1,1,1,1,1,1,1,1,1,1,3,0,17,0
1317,1,1,1,1,1,1,1,1,1,1,1,1,1,1,1,1,1,1,1,1,3,0,17,0
1322,1,1,1,1,1,1,1,1,1,1,1,1,1,1,1,1,1,1,1,1,3,0,17,0
1323,0,0,1,0,0,0,0,1,1,0,0,0,0,0,0,0,0,0,0,0,1,2,2,15
1324,1,1,1,1,1,1,1,1,1,1,1,1,1,1,1,1,1,1,1,1,3,0,17,0
1325,1,1,0,0,0,1,1,0,0,1,1,1,1,1,1,1,1,1,1,1,2,1,13,4
1330,1,1,1,1,1,1,1,1,1,1,1,1,1,1,1,1,1,1,1,1,3,0,17,0
1337,0,0,1,0,0,0,0,1,1,0,0,0,0,0,0,0,0,0,0,0,1,2,2,15
1338,1,1,1,1,1,1,1,1,1,1,1,1,1,1,1,1,1,1,1,1,3,0,17,0
1346,1,1,1,1,1,1,1,1,1,1,1,1,1,1,1,1,1,1,1,1,3,0,17,0
1348,0,0,0,0,0,0,0,0,0,0,0,0,0,0,0,0,0,0,0,0,0,3,0,17
1350,0,0,0,0,0,0,0,0,0,0,0,0,0,0,0,0,0,0,0,0,0,3,0,17
1351,0,0,0,0,0,0,0,0,0,0,0,0,0,0,0,0,0,0,0,0,0,3,0,17
1352,0,0,0,0,0,0,0,0,0,0,0,0,0,0,0,0,0,0,0,0,0,3,0,17
1353,0,0,0,0,0,0,0,0,0,0,0,0,0,0,0,0,0,0,0,0,0,3,0,17
1354,0,0,0,0,0,0,0,0,0,0,0,0,0,0,0,0,0,0,0,0,0,3,0,17
1356,0,0,0,0,0,0,0,0,0,0,0,0,0,0,0,0,0,0,0,0,0,3,0,17
1362,1,1,1,1,1,1,1,1,1,1,1,1,1,1,1,1,1,1,1,1,3,0,17,0
1366,1,1,1,0,0,1,1,1,1,1,1,1,1,1,1,1,1,1,1,1,3,0,15,2
1367,0,0,1,0,0,0,0,1,1,0,0,0,0,0,0,0,0,0,0,0,1,2,2,15
1368,1,1,1,0,0,1,1,1,1,1,1,1,1,1,1,1,1,1,1,1,3,0,15,2
1374,1,1,1,1,1,1,1,1,1,1,1,1,1,1,1,1,1,1,1,1,3,0,17,0
1381,0,0,0,0,0,0,0,0,0,0,0,0,0,0,0,0,0,0,0,0,0,3,0,17
1382,0,0,0,0,0,0,0,0,0,0,0,0,0,0,0,0,0,0,0,0,0,3,0,17
1383,0,0,0,0,0,0,0,0,0,0,0,0,0,0,0,0,0,0,0,0,0,3,0,17
1384,0,0,0,0,0,0,0,0,0,0,0,0,0,0,0,0,0,0,0,0,0,3,0,17
1390,1,1,1,1,1,1,1,1,1,1,1,1,1,1,1,1,1,1,1,1,3,0,17,0
1394,1,1,1,1,1,1,1,1,1,1,1,1,1,1,1,1,1,1,1,1,3,0,17,0
1403,1,0,0,0,1,1,1,0,0,0,0,0,0,0,0,0,0,0,0,0,1,2,3,14
1404,1,0,0,0,1,1,1,0,0,0,0,0,0,0,0,0,0,0,0,0,1,2,3,14
1405,1,0,0,0,1,1,1,0,0,0,0,0,0,0,0,0,0,0,0,0,1,2,3,14
1406,1,0,0,0,1,1,1,0,0,0,0,0,0,0,0,0,0,0,0,0,1,2,3,14
1407,1,0,0,0,1,1,1,0,0,0,0,0,0,0,0,0,0,0,0,0,1,2,3,14
1409,1,0,0,0,1,1,1,0,0,0,0,0,0,0,0,0,0,0,0,0,1,2,3,14
1410,1,0,0,0,1,1,1,0,0,0,0,0,0,0,0,0,0,0,0,0,1,2,3,14
1413,1,0,0,0,1,1,1,0,0,0,0,0,0,0,0,0,0,0,0,0,1,2,3,14
1414,1,0,0,0,1,1,1,0,0,0,0,0,0,0,0,0,0,0,0,0,1,2,3,14
1415,1,0,0,0,1,1,1,0,0,0,0,0,0,0,0,0,0,0,0,0,1,2,3,14
1417,1,0,0,0,1,1,1,0,0,0,0,0,0,0,0,0,0,0,0,0,1,2,3,14
1420,1,0,0,0,1,1,1,0,0,0,0,0,0,0,0,0,0,0,0,0,1,2,3,14
1421,1,0,0,0,1,1,1,0,0,0,0,0,0,0,0,0,0,0,0,0,1,2,3,14
1422,1,0,0,0,1,1,1,0,0,0,0,0,0,0,0,0,0,0,0,0,1,2,3,14
1423,1,0,0,0,1,1,1,0,0,0,0,0,0,0,0,0,0,0,0,0,1,2,3,14
1425,0,0,0,0,0,0,0,0,0,0,0,0,0,0,0,0,0,0,0,0,0,3,0,17
1428,0,0,0,0,0,0,0,0,0,0,0,0,0,0,0,0,0,0,0,0,0,3,0,17
1429,0,0,0,0,0,0,0,0,0,0,0,0,0,0,0,0,0,0,0,0,0,3,0,17
1433,0,0,0,0,0,0,0,0,0,0,0,0,0,0,0,0,0,0,0,0,0,3,0,17
1436,1,0,0,0,1,1,1,0,0,0,0,0,0,0,0,0,0,0,0,0,1,2,3,14
1438,0,0,0,0,0,0,0,0,0,0,0,0,0,0,0,0,0,0,0,0,0,3,0,17
1439,0,0,0,0,0,0,0,0,0,0,0,0,0,0,0,0,0,0,0,0,0,3,0,17
1441,0,0,0,0,0,0,0,0,0,0,0,0,0,0,0,0,0,0,0,0,0,3,0,17
1442,0,0,0,0,0,0,0,0,0,0,0,0,0,0,0,0,0,0,0,0,0,3,0,17
1443,0,0,0,0,0,0,0,0,0,0,0,0,0,0,0,0,0,0,0,0,0,3,0,17
1446,1,0,0,0,1,1,1,0,0,0,0,0,0,0,0,0,0,0,0,0,1,2,3,14
1448,1,0,0,0,1,1,1,0,0,0,0,0,0,0,0,0,0,0,0,0,1,2,3,14
1449,1,0,0,0,1,1,1,0,0,0,0,0,0,0,0,0,0,0,0,0,1,2,3,14
1450,1,0,0,0,1,1,1,0,0,0,0,0,0,0,0,0,0,0,0,0,1,2,3,14
1454,0,0,0,0,0,0,0,0,0,0,0,0,0,0,0,0,0,0,0,0,0,3,0,17
1455,0,0,0,0,0,0,0,0,0,0,0,0,0,0,0,0,0,0,0,0,0,3,0,17
1458,0,0,0,0,0,0,0,0,0,0,0,0,0,0,0,0,0,0,0,0,0,3,0,17
1460,0,0,0,0,0,0,0,0,0,0,0,0,0,0,0,0,0,0,0,0,0,3,0,17
1462,0,0,0,0,0,0,0,0,0,0,0,0,0,0,0,0,0,0,0,0,0,3,0,17
1467,0,0,0,0,0,0,0,0,0,0,0,0,0,0,0,0,0,0,0,0,0,3,0,17
1471,0,0,0,0,0,0,0,0,0,0,0,0,0,0,0,0,0,0,0,0,0,3,0,17
1472,0,0,0,0,0,0,0,0,0,0,0,0,0,0,0,0,0,0,0,0,0,3,0,17
1475,1,0,0,0,1,1,1,0,0,0,0,0,0,0,0,0,0,0,0,0,1,2,3,14
1477,0,0,0,0,0,0,0,0,0,0,0,0,0,0,0,0,0,0,0,0,0,3,0,17
1478,0,0,0,0,0,0,0,0,0,0,0,0,0,0,0,0,0,0,0,0,0,3,0,17
1481,0,0,0,0,0,0,0,0,0,0,0,0,0,0,0,0,0,0,0,0,0,3,0,17
1482,0,0,0,0,0,0,0,0,0,0,0,0,0,0,0,0,0,0,0,0,0,3,0,17
1484,0,0,0,0,0,0,0,0,0,0,0,0,0,0,0,0,0,0,0,0,0,3,0,17
1485,0,0,0,0,0,0,0,0,0,0,0,0,0,0,0,0,0,0,0,0,0,3,0,17
1488,1,0,0,0,1,1,1,0,0,0,0,0,0,0,0,0,0,0,0,0,1,2,3,14
1489,1,0,0,0,1,1,1,0,0,0,0,0,0,0,0,0,0,0,0,0,1,2,3,14
1490,0,0,0,0,0,0,0,0,0,0,0,0,0,0,0,0,0,0,0,0,0,3,0,17
1491,1,0,0,0,1,1,1,0,0,0,0,0,0,0,0,0,0,0,0,0,1,2,3,14
1493,0,0,0,0,0,0,0,0,0,0,0,0,0,0,0,0,0,0,0,0,0,3,0,17
1494,0,0,0,0,0,0,0,0,0,0,0,0,0,0,0,0,0,0,0,0,0,3,0,17
1496,1,0,0,0,1,1,1,0,0,0,0,0,0,0,0,0,0,0,0,0,1,2,3,14
1502,0,0,0,0,0,0,0,0,0,0,0,0,0,0,0,0,0,0,0,0,0,3,0,17
1508,0,0,0,0,0,0,0,0,0,0,0,0,0,0,0,0,0,0,0,0,0,3,0,17
1510,0,0,0,0,0,0,0,0,0,0,0,0,0,0,0,0,0,0,0,0,0,3,0,17
1512,0,0,0,0,0,0,0,0,0,0,0,0,0,0,0,0,0,0,0,0,0,3,0,17
1516,0,0,0,0,0,0,0,0,0,0,0,0,0,0,0,0,0,0,0,0,0,3,0,17
1519,0,0,0,0,0,0,0,0,0,0,0,0,0,0,0,0,0,0,0,0,0,3,0,17
1520,0,0,0,0,0,0,0,0,0,0,0,0,0,0,0,0,0,0,0,0,0,3,0,17
1521,0,0,0,0,0,0,0,0,0,0,0,0,0,0,0,0,0,0,0,0,0,3,0,17
1528,0,1,1,1,0,0,0,1,1,1,1,1,1,1,1,1,1,1,1,1,2,1,14,3
1529,0,1,1,1,0,0,0,1,1,1,1,1,1,1,1,1,1,1,1,1,2,1,14,3
1532,0,1,1,1,0,0,0,1,1,1,1,1,1,1,1,1,1,1,1,1,2,1,14,3
1533,0,1,1,1,0,0,0,1,1,1,1,1,1,1,1,1,1,1,1,1,2,1,14,3
1535,0,1,1,1,0,0,0,1,1,1,1,1,1,1,1,1,1,1,1,1,2,1,14,3
1537,0,0,0,0,0,0,0,0,0,0,0,0,0,0,0,0,0,0,0,0,0,3,0,17
1539,0,0,0,0,0,0,0,0,0,0,0,0,0,0,0,0,0,0,0,0,0,3,0,17
1540,0,0,0,0,0,0,0,0,0,0,0,0,0,0,0,0,0,0,0,0,0,3,0,17
1543,0,0,0,0,0,0,0,0,0,0,0,0,0,0,0,0,0,0,0,0,0,3,0,17
1545,0,0,0,0,0,0,0,0,0,0,0,0,0,0,0,0,0,0,0,0,0,3,0,17
1547,0,1,1,1,0,0,0,1,1,1,1,1,1,1,1,1,1,1,1,1,2,1,14,3
1549,0,0,0,0,0,0,0,0,0,0,0,0,0,0,0,0,0,0,0,0,0,3,0,17
1552,0,0,0,0,0,0,0,0,0,0,0,0,0,0,0,0,0,0,0,0,0,3,0,17
1554,0,0,0,0,0,0,0,0,0,0,0,0,0,0,0,0,0,0,0,0,0,3,0,17
1555,0,0,0,0,0,0,0,0,0,0,0,0,0,0,0,0,0,0,0,0,0,3,0,17
1558,0,0,0,0,0,0,0,0,0,0,0,0,0,0,0,0,0,0,0,0,0,3,0,17
1559,0,0,0,0,0,0,0,0,0,0,0,0,0,0,0,0,0,0,0,0,0,3,0,17
1564,0,0,0,0,0,0,0,0,0,0,0,0,0,0,0,0,0,0,0,0,0,3,0,17
1566,0,0,0,0,0,0,0,0,0,0,0,0,0,0,0,0,0,0,0,0,0,3,0,17
1569,0,0,0,0,0,0,0,0,0,0,0,0,0,0,0,0,0,0,0,0,0,3,0,17
1571,0,0,0,0,0,0,0,0,0,0,0,0,0,0,0,0,0,0,0,0,0,3,0,17
1573,0,0,0,0,0,0,0,0,0,0,0,0,0,0,0,0,0,0,0,0,0,3,0,17
1574,0,0,0,0,0,0,0,0,0,0,0,0,0,0,0,0,0,0,0,0,0,3,0,17
1576,0,0,0,0,0,0,0,0,0,0,0,0,0,0,0,0,0,0,0,0,0,3,0,17
1581,0,0,0,0,0,0,0,0,0,0,0,0,0,0,0,0,0,0,0,0,0,3,0,17
1582,0,0,0,0,0,0,0,0,0,0,0,0,0,0,0,0,0,0,0,0,0,3,0,17
1585,0,1,1,1,0,0,0,1,1,1,1,1,1,1,1,1,1,1,1,1,2,1,14,3
1595,0,0,0,0,0,0,0,0,0,0,0,0,0,0,0,0,0,0,0,0,0,3,0,17
1609,1,1,1,1,1,1,1,1,1,1,1,1,1,1,1,1,1,1,1,1,3,0,17,0
1625,0,0,0,0,0,0,0,0,0,0,0,0,0,0,0,0,0,0,0,0,0,3,0,17
1961,0,0,0,0,0,0,0,0,0,0,0,0,0,0,0,0,0,0,0,0,0,3,0,17
2011,0,0,0,0,0,0,0,0,0,0,0,0,0,0,0,0,0,0,0,0,0,3,0,17
2013,0,0,0,0,0,0,0,0,0,0,0,0,0,0,0,0,0,0,0,0,0,3,0,17
2014,0,0,0,0,0,0,0,0,0,0,0,0,0,0,0,0,0,0,0,0,0,3,0,17
2015,0,0,0,0,0,0,0,0,0,0,0,0,0,0,0,0,0,0,0,0,0,3,0,17
2021,0,0,0,1,1,0,0,0,0,0,0,0,0,0,0,0,0,0,0,0,0,3,2,15
2023,0,0,0,1,1,0,0,0,0,0,0,0,0,0,0,0,0,0,0,0,0,3,2,15
2024,0,0,0,1,1,0,0,0,0,0,0,0,0,0,0,0,0,0,0,0,0,3,2,15
2030,0,0,0,0,0,0,0,0,0,0,0,0,0,0,0,0,0,0,0,0,0,3,0,17
2032,0,0,0,0,0,0,0,0,0,0,0,0,0,0,0,0,0,0,0,0,0,3,0,17
2034,0,0,0,0,0,0,0,0,0,0,0,0,0,0,0,0,0,0,0,0,0,3,0,17
2037,0,0,0,0,0,0,0,0,0,0,0,0,0,0,0,0,0,0,0,0,0,3,0,17
2069,0,0,0,0,0,0,0,0,0,0,0,0,0,0,0,0,0,0,0,0,0,3,0,17
2077,1,1,1,1,1,1,1,1,1,1,1,1,1,1,1,1,1,1,1,1,3,0,17,0
2083,1,1,1,1,1,1,1,1,1,1,1,1,1,1,1,1,1,1,1,1,3,0,17,0
2084,1,1,1,1,1,1,1,1,1,1,1,1,1,1,1,1,1,1,1,1,3,0,17,0
2087,1,1,1,1,1,1,1,1,1,1,1,1,1,1,1,1,1,1,1,1,3,0,17,0
2088,1,1,1,1,1,1,1,1,1,1,1,1,1,1,1,1,1,1,1,1,3,0,17,0
2092,1,1,1,1,1,1,1,1,1,1,1,1,1,1,1,1,1,1,1,1,3,0,17,0
2093,1,1,1,1,1,1,1,1,1,1,1,1,1,1,1,1,1,1,1,1,3,0,17,0
2095,1,1,1,1,1,1,1,1,1,1,1,1,1,1,1,1,1,1,1,1,3,0,17,0
2096,1,1,1,1,1,1,1,1,1,1,1,1,1,1,1,1,1,1,1,1,3,0,17,0
2097,1,1,1,1,1,1,1,1,1,1,1,1,1,1,1,1,1,1,1,1,3,0,17,0
2100,1,1,1,1,1,1,1,1,1,1,1,1,1,1,1,1,1,1,1,1,3,0,17,0
2103,1,1,1,1,1,1,1,1,1,1,1,1,1,1,1,1,1,1,1,1,3,0,17,0
2114,1,1,1,1,1,1,1,1,1,1,1,1,1,1,1,1,1,1,1,1,3,0,17,0
2116,0,0,0,0,0,0,0,0,0,0,0,0,0,0,0,0,0,0,0,0,0,3,0,17
2117,1,1,1,1,1,1,1,1,1,1,1,1,1,1,1,1,1,1,1,1,3,0,17,0
2119,0,0,0,0,0,0,0,0,0,0,0,0,0,0,0,0,0,0,0,0,0,3,0,17
2123,1,1,1,1,1,1,1,1,1,1,1,1,1,1,1,1,1,1,1,1,3,0,17,0
2124,1,1,1,1,1,1,1,1,1,1,1,1,1,1,1,1,1,1,1,1,3,0,17,0
2126,1,1,1,1,1,1,1,1,1,1,1,1,1,1,1,1,1,1,1,1,3,0,17,0
2128,1,1,1,1,1,1,1,1,1,1,1,1,1,1,1,1,1,1,1,1,3,0,17,0
2130,0,0,0,0,0,0,0,0,0,0,0,0,0,0,0,0,0,0,0,0,0,3,0,17
2132,0,0,0,0,0,0,0,0,0,0,0,0,0,0,0,0,0,0,0,0,0,3,0,17
2133,0,0,0,0,0,0,0,0,0,0,0,0,0,0,0,0,0,0,0,0,0,3,0,17
2135,0,0,0,0,0,0,0,0,0,0,0,0,0,0,0,0,0,0,0,0,0,3,0,17
2137,1,0,0,0,0,0,0,0,0,1,0,0,0,0,0,0,0,0,0,0,1,2,1,16
2139,0,0,0,0,0,1,0,0,0,0,1,1,1,1,1,1,1,1,1,1,0,3,11,6
2141,0,0,0,0,0,0,0,0,0,0,0,0,0,0,0,0,0,0,0,0,0,3,0,17
2143,0,0,0,1,1,0,0,0,0,0,0,0,0,0,0,0,0,0,0,0,0,3,2,15
2145,0,0,0,0,0,0,0,0,0,0,1,1,1,1,1,1,1,1,1,1,0,3,10,7
2152,0,0,0,0,0,0,0,0,0,0,1,1,1,1,1,1,1,1,1,0,0,3,9,8
2158,0,0,0,0,0,0,0,0,0,0,0,0,0,0,0,0,0,0,0,0,0,3,0,17
2159,0,0,0,0,0,0,0,0,0,0,0,0,0,0,0,0,0,0,0,0,0,3,0,17
2160,0,0,0,0,0,0,0,0,0,0,0,0,0,0,0,0,0,0,0,0,0,3,0,17
2162,0,0,0,0,0,0,0,0,0,0,0,0,0,0,0,0,0,0,0,0,0,3,0,17
2164,0,0,0,0,0,0,0,0,0,0,0,0,0,0,0,0,0,0,0,0,0,3,0,17
2165,0,0,0,0,0,0,0,0,0,0,0,0,0,0,0,0,0,0,0,0,0,3,0,17
2167,0,1,1,0,0,0,0,0,0,0,0,0,0,0,0,0,0,0,0,0,2,1,0,17
2168,0,1,1,0,0,0,0,0,0,0,0,0,0,0,0,0,0,0,0,0,2,1,0,17
2170,0,0,0,0,0,0,0,0,0,0,1,0,0,0,0,0,0,0,0,1,0,3,2,15
2172,0,0,0,0,0,0,0,0,0,0,0,0,0,0,0,0,0,0,0,0,0,3,0,17
2177,0,0,0,0,0,0,0,0,0,0,0,0,0,0,0,0,0,0,0,0,0,3,0,17
2179,0,0,0,0,0,0,0,0,0,0,0,0,0,0,0,0,0,0,0,0,0,3,0,17
2180,0,0,0,0,0,0,0,0,0,0,0,0,0,0,0,0,0,0,0,0,0,3,0,17
2184,0,0,0,0,0,0,1,1,1,0,1,1,1,1,1,1,1,1,0,1,0,3,12,5
2185,0,0,0,0,0,0,1,1,1,0,1,1,1,1,1,1,1,1,0,1,0,3,12,5
2188,0,0,0,0,0,0,0,0,0,0,0,0,0,0,0,0,0,0,0,0,0,3,0,17
2189,0,0,0,0,0,0,0,0,0,0,0,0,0,0,0,0,0,0,0,0,0,3,0,17
2193,1,1,1,0,0,1,1,1,1,1,1,1,1,1,1,1,1,1,1,1,3,0,15,2
2197,1,1,1,0,0,1,1,1,1,1,1,1,1,1,1,1,1,1,1,1,3,0,15,2
2198,0,0,0,0,0,0,0,0,0,0,0,0,0,0,0,0,0,0,0,0,0,3,0,17
2202,1,1,1,0,0,1,1,1,1,1,1,1,1,1,1,1,1,1,1,1,3,0,15,2
2217,1,1,1,0,0,1,1,1,1,1,1,1,1,1,1,1,1,1,1,1,3,0,15,2
2218,0,0,1,0,0,0,0,1,1,0,0,0,0,0,0,0,0,0,0,0,1,2,2,15
2221,0,0,1,0,0,0,0,1,1,0,0,0,0,0,0,0,0,0,0,0,1,2,2,15
2222,0,0,1,0,0,0,0,1,1,0,0,0,0,0,0,0,0,0,0,0,1,2,2,15
2225,1,1,0,0,0,1,1,0,0,1,1,1,1,1,1,1,1,1,1,1,2,1,13,4
2227,0,0,1,0,0,1,1,1,1,1,1,1,1,1,1,1,1,1,1,1,1,2,15,2
2228,0,0,0,0,0,0,0,0,0,0,0,0,0,0,0,0,0,0,0,0,0,3,0,17
2236,1,1,0,0,0,1,1,0,0,1,1,1,1,1,1,1,1,1,1,1,2,1,13,4
2249,0,0,0,0,0,0,0,0,0,0,0,0,0,0,0,0,0,0,0,0,0,3,0,17
2253,0,0,0,0,0,0,0,0,0,0,0,0,0,0,0,0,0,0,0,0,0,3,0,17
2254,0,0,0,0,0,0,0,0,0,0,0,0,0,0,0,0,0,0,0,0,0,3,0,17
2257,1,1,0,0,0,1,1,0,0,1,1,1,1,1,1,1,1,1,1,1,2,1,13,4
2260,1,1,0,0,0,1,1,0,0,1,1,1,1,1,1,1,1,1,1,1,2,1,13,4
2263,1,1,0,0,0,1,1,0,0,1,1,1,1,1,1,1,1,1,1,1,2,1,13,4
2264,1,1,0,0,0,1,1,0,0,1,1,1,1,1,1,1,1,1,1,1,2,1,13,4
2270,1,1,0,0,0,1,1,0,0,1,1,1,1,1,1,1,1,1,1,1,2,1,13,4
2271,0,0,0,0,0,0,0,0,0,0,0,0,0,0,0,0,0,0,0,0,0,3,0,17
2282,1,1,0,0,0,1,1,0,0,1,1,1,1,1,1,1,1,1,1,1,2,1,13,4
2284,1,1,0,0,0,1,1,0,0,1,1,1,1,1,1,1,1,1,1,1,2,1,13,4
2286,1,1,0,0,0,1,1,0,0,1,1,1,1,1,1,1,1,1,1,1,2,1,13,4
2287,1,1,0,0,0,1,1,0,0,1,1,1,1,1,1,1,1,1,1,1,2,1,13,4
2288,1,1,0,0,0,1,1,0,0,1,1,1,1,1,1,1,1,1,1,1,2,1,13,4
2290,1,1,0,0,0,1,1,0,0,1,1,1,1,1,1,1,1,1,1,1,2,1,13,4
2291,1,1,0,0,0,0,0,0,0,1,0,0,0,0,0,0,0,0,0,0,2,1,1,16
2292,1,1,0,0,0,0,0,0,0,1,0,0,0,0,0,0,0,0,0,0,2,1,1,16
2293,1,1,0,0,0,0,0,0,0,0,0,0,0,0,0,0,0,0,0,0,2,1,0,17
2300,0,0,0,0,0,1,1,0,0,1,1,1,1,1,1,1,1,1,1,1,0,3,13,4
2304,0,0,0,0,0,1,1,0,0,1,1,1,1,1,1,1,1,1,1,1,0,3,13,4
2308,0,0,0,0,0,0,0,0,0,0,0,0,0,0,0,0,0,0,0,0,0,3,0,17
2309,0,0,0,0,0,0,0,0,0,0,0,0,0,0,0,0,0,0,0,0,0,3,0,17
2310,0,0,0,0,0,0,0,0,0,0,0,0,0,0,0,0,0,0,0,0,0,3,0,17
2313,0,0,0,0,0,1,1,0,0,1,1,1,1,1,1,1,1,1,1,1,0,3,13,4
2314,0,0,0,0,0,0,0,0,0,0,1,0,0,0,0,0,0,0,0,1,0,3,2,15
2315,0,0,0,0,0,0,0,0,0,0,0,0,0,0,0,0,0,0,0,0,0,3,0,17
2317,0,0,0,0,0,0,0,0,0,0,1,0,0,0,0,0,0,0,0,1,0,3,2,15
2318,0,0,0,0,0,0,0,0,0,0,1,0,0,0,0,0,0,0,0,1,0,3,2,15
2324,0,0,0,0,0,0,0,0,0,0,1,0,0,0,0,0,0,0,0,1,0,3,2,15
2338,0,0,1,0,0,0,0,1,1,0,0,0,0,0,0,0,0,0,0,0,1,2,2,15
2341,0,0,1,0,0,0,0,1,1,0,0,0,0,0,0,0,0,0,0,0,1,2,2,15
2343,0,0,0,0,0,0,0,0,0,0,0,0,0,0,0,0,0,0,0,0,0,3,0,17
2345,0,0,0,0,0,0,0,0,0,0,0,0,0,0,0,0,0,0,0,0,0,3,0,17
2346,0,0,0,0,0,0,0,0,0,0,0,0,0,0,0,0,0,0,0,0,0,3,0,17
2348,0,0,0,0,0,0,0,0,0,0,0,0,0,0,0,0,0,0,0,0,0,3,0,17
2351,0,0,0,0,0,0,0,0,0,0,0,0,0,0,0,0,0,0,0,0,0,3,0,17
2352,0,0,0,0,0,0,0,0,0,0,0,0,0,0,0,0,0,0,0,0,0,3,0,17
2354,0,0,1,0,0,0,0,1,1,0,0,0,0,0,0,0,0,0,0,0,1,2,2,15
2355,0,0,0,0,0,0,0,0,0,0,0,0,0,0,0,0,0,0,0,0,0,3,0,17
2358,0,0,0,0,0,0,0,0,0,0,0,0,0,0,0,0,0,0,0,0,0,3,0,17
2360,0,0,1,0,0,0,0,1,1,0,0,0,0,0,0,0,0,0,0,0,1,2,2,15
2361,0,0,0,0,0,0,0,0,0,0,0,0,0,0,0,0,0,0,0,0,0,3,0,17
2364,0,0,0,0,0,0,0,0,0,0,0,0,0,0,0,0,0,0,0,0,0,3,0,17
2367,0,0,1,0,0,0,0,1,1,0,0,0,0,0,0,0,0,0,0,0,1,2,2,15
2369,0,0,1,0,0,0,0,1,1,0,0,0,0,0,0,0,0,0,0,0,1,2,2,15
2372,0,0,1,0,0,0,0,1,1,0,0,0,0,0,0,0,0,0,0,0,1,2,2,15
2373,0,0,1,0,0,0,0,0,0,0,0,0,0,0,0,0,0,0,0,0,1,2,0,17
2375,0,0,0,0,0,0,0,1,1,0,0,0,0,0,0,0,0,0,0,0,0,3,2,15
2376,0,0,0,0,0,0,0,0,0,0,0,0,0,0,0,0,0,0,0,0,0,3,0,17
2386,0,0,1,0,0,0,0,1,1,0,0,0,0,0,0,0,0,0,0,0,1,2,2,15
2388,0,0,1,0,0,0,0,1,1,0,0,0,0,0,0,0,0,0,0,0,1,2,2,15
2389,0,0,0,0,0,0,0,0,0,0,0,0,0,0,0,0,0,0,0,0,0,3,0,17
2390,0,0,0,0,0,0,0,0,0,0,0,0,0,0,0,0,0,0,0,0,0,3,0,17
2391,0,0,0,0,0,0,0,0,0,0,0,0,0,0,0,0,0,0,0,0,0,3,0,17
2392,0,0,0,0,0,0,0,0,0,0,0,0,0,0,0,0,0,0,0,0,0,3,0,17
2394,0,0,1,0,0,0,0,1,1,0,0,0,0,0,0,0,0,0,0,0,1,2,2,15
2395,0,0,1,0,0,0,0,1,1,0,0,0,0,0,0,0,0,0,0,0,1,2,2,15
2397,0,0,1,0,0,0,0,1,1,0,0,0,0,0,0,0,0,0,0,0,1,2,2,15
2398,0,0,1,0,0,0,0,0,0,0,0,0,0,0,0,0,0,0,0,0,1,2,0,17
2399,0,0,1,0,0,0,0,0,0,0,0,0,0,0,0,0,0,0,0,0,1,2,0,17
2400,0,0,1,0,0,0,0,0,0,0,0,0,0,0,0,0,0,0,0,0,1,2,0,17
2401,0,0,1,0,0,0,0,0,0,0,0,0,0,0,0,0,0,0,0,0,1,2,0,17
2409,0,0,0,0,0,0,0,1,1,0,0,0,0,0,0,0,0,0,0,0,0,3,2,15
2410,0,0,0,0,0,0,0,0,0,0,0,0,0,0,0,0,0,0,0,0,0,3,0,17
2413,0,0,0,0,0,0,0,1,1,0,0,0,0,0,0,0,0,0,0,0,0,3,2,15
2415,0,0,0,0,0,0,0,1,1,0,0,0,0,0,0,0,0,0,0,0,0,3,2,15
2416,0,0,0,0,0,0,0,0,0,0,0,0,0,0,0,0,0,0,0,0,0,3,0,17
2420,0,0,0,0,0,0,0,1,1,0,0,0,0,0,0,0,0,0,0,0,0,3,2,15
2421,0,0,0,0,0,0,0,0,0,0,0,0,0,0,0,0,0,0,0,0,0,3,0,17
2428,0,0,0,0,0,0,0,1,1,0,0,0,0,0,0,0,0,0,0,0,0,3,2,15
2429,0,0,0,0,0,0,0,0,0,0,0,0,0,0,0,0,0,0,0,0,0,3,0,17
2430,0,0,0,0,0,0,0,0,0,0,0,0,0,0,0,0,0,0,0,0,0,3,0,17
2435,0,0,0,0,0,0,0,1,1,0,0,0,0,0,0,0,0,0,0,0,0,3,2,15
2439,0,0,0,0,0,0,0,0,0,0,0,0,0,0,0,0,0,0,0,0,0,3,0,17
2440,0,0,0,0,0,0,0,0,0,0,0,0,0,0,0,0,0,0,0,0,0,3,0,17
2441,0,0,0,0,0,0,0,0,0,0,0,0,0,0,0,0,0,0,0,0,0,3,0,17
2444,0,0,0,0,0,0,0,1,1,0,0,0,0,0,0,0,0,0,0,0,0,3,2,15
2445,0,0,0,0,0,0,0,1,1,0,0,0,0,0,0,0,0,0,0,0,0,3,2,15
2446,0,0,0,0,0,0,0,0,0,0,0,0,0,0,0,0,0,0,0,0,0,3,0,17
2448,0,0,0,0,0,0,0,1,1,0,0,0,0,0,0,0,0,0,0,0,0,3,2,15
2449,0,0,0,0,0,0,0,0,0,0,0,0,0,0,0,0,0,0,0,0,0,3,0,17
2450,0,0,0,0,0,0,0,0,0,0,0,0,0,0,0,0,0,0,0,0,0,3,0,17
2453,0,0,0,0,0,0,0,1,1,0,0,0,0,0,0,0,0,0,0,0,0,3,2,15
2454,0,0,0,0,0,0,0,0,0,0,0,0,0,0,0,0,0,0,0,0,0,3,0,17
2455,0,0,0,0,0,0,0,0,0,0,0,0,0,0,0,0,0,0,0,0,0,3,0,17
2456,0,0,0,0,0,0,0,0,0,0,0,0,0,0,0,0,0,0,0,0,0,3,0,17
2457,0,0,0,0,0,0,0,0,0,0,0,0,0,0,0,0,0,0,0,0,0,3,0,17
2459,0,0,0,0,0,0,0,0,0,0,0,0,0,0,0,0,0,0,0,0,0,3,0,17
2461,0,0,0,0,0,0,0,0,0,0,0,0,0,0,0,0,0,0,0,0,0,3,0,17
2462,0,0,0,0,0,0,0,0,0,0,0,0,0,0,0,0,0,0,0,0,0,3,0,17
2464,0,0,0,0,0,0,0,0,0,0,0,0,0,0,0,0,0,0,0,0,0,3,0,17
2467,0,0,0,0,0,0,0,1,1,0,0,0,0,0,0,0,0,0,0,0,0,3,2,15
2468,0,0,0,0,0,0,0,1,1,0,0,0,0,0,0,0,0,0,0,0,0,3,2,15
2484,0,0,0,0,0,0,0,1,1,0,0,0,0,0,0,0,0,0,0,0,0,3,2,15
2487,0,0,0,0,0,0,0,1,1,0,0,0,0,0,0,0,0,0,0,0,0,3,2,15
2489,0,0,0,0,0,0,0,1,1,0,0,0,0,0,0,0,0,0,0,0,0,3,2,15
2490,0,0,0,0,0,0,0,0,0,0,0,0,0,0,0,0,0,0,0,0,0,3,0,17
2493,0,0,0,0,0,0,0,1,1,0,0,0,0,0,0,0,0,0,0,0,0,3,2,15
2494,0,0,0,0,0,0,0,1,1,0,0,0,0,0,0,0,0,0,0,0,0,3,2,15
2496,0,0,0,0,0,0,0,1,1,0,0,0,0,0,0,0,0,0,0,0,0,3,2,15
2500,0,0,0,0,0,0,0,0,0,0,0,0,0,0,0,0,0,0,0,0,0,3,0,17
2501,0,0,0,0,0,0,0,0,0,0,0,0,0,0,0,0,0,0,0,0,0,3,0,17
2504,0,0,0,0,0,0,0,1,1,0,0,0,0,0,0,0,0,0,0,0,0,3,2,15
2505,0,0,0,0,0,0,0,1,1,0,0,0,0,0,0,0,0,0,0,0,0,3,2,15
2506,0,0,0,0,0,0,0,1,1,0,0,0,0,0,0,0,0,0,0,0,0,3,2,15
2507,0,0,0,0,0,0,0,0,0,0,0,0,0,0,0,0,0,0,0,0,0,3,0,17
2508,0,0,0,0,0,0,0,0,0,0,0,0,0,0,0,0,0,0,0,0,0,3,0,17
2509,0,0,0,0,0,0,0,0,0,0,0,0,0,0,0,0,0,0,0,0,0,3,0,17
2510,0,0,0,0,0,0,0,0,0,0,0,0,0,0,0,0,0,0,0,0,0,3,0,17
2514,0,0,0,0,0,0,0,1,1,0,0,0,0,0,0,0,0,0,0,0,0,3,2,15
2515,0,0,0,0,0,0,0,0,0,0,0,0,0,0,0,0,0,0,0,0,0,3,0,17
2516,0,0,0,0,0,0,0,0,0,0,0,0,0,0,0,0,0,0,0,0,0,3,0,17
2517,0,0,0,0,0,0,0,0,0,0,0,0,0,0,0,0,0,0,0,0,0,3,0,17
2518,0,0,0,0,0,0,0,0,0,0,0,0,0,0,0,0,0,0,0,0,0,3,0,17
2519,0,0,0,0,0,0,0,0,0,0,0,0,0,0,0,0,0,0,0,0,0,3,0,17
2520,0,0,0,0,0,0,0,0,0,0,0,0,0,0,0,0,0,0,0,0,0,3,0,17
2522,0,0,0,0,0,0,0,1,1,0,0,0,0,0,0,0,0,0,0,0,0,3,2,15
2524,0,0,0,0,0,0,0,0,0,0,0,0,0,0,0,0,0,0,0,0,0,3,0,17
2526,0,0,0,0,0,0,0,0,0,0,0,0,0,0,0,0,0,0,0,0,0,3,0,17
2528,0,0,0,0,0,0,0,0,0,0,0,0,0,0,0,0,0,0,0,0,0,3,0,17
2535,0,0,0,0,0,0,0,0,0,0,0,0,0,0,0,0,0,0,0,0,0,3,0,17
2536,0,0,0,0,0,0,0,0,0,0,0,0,0,0,0,0,0,0,0,0,0,3,0,17
2537,0,0,0,0,0,0,0,0,0,0,0,0,0,0,0,0,0,0,0,0,0,3,0,17
2538,0,0,0,0,0,0,0,0,0,0,0,0,0,0,0,0,0,0,0,0,0,3,0,17
2542,0,0,0,0,0,0,0,0,0,0,0,0,0,0,0,0,0,0,0,0,0,3,0,17
2544,0,0,0,0,0,0,0,0,0,0,0,0,0,0,0,0,0,0,0,0,0,3,0,17
2545,0,0,0,0,0,0,0,0,0,0,0,0,0,0,0,0,0,0,0,0,0,3,0,17
2546,0,0,0,0,0,0,0,0,0,0,0,0,0,0,0,0,0,0,0,0,0,3,0,17
2547,0,0,0,0,0,0,0,0,0,0,0,0,0,0,0,0,0,0,0,0,0,3,0,17
2558,0,0,1,0,0,0,0,1,1,0,0,0,0,0,0,0,0,0,0,0,1,2,2,15
2560,0,0,1,0,0,0,0,1,1,0,0,0,0,0,0,0,0,0,0,0,1,2,2,15
2561,0,0,0,0,0,0,0,1,1,0,0,0,0,0,0,0,0,0,0,0,0,3,2,15
2564,0,0,1,0,0,0,0,0,0,0,0,0,0,0,0,0,0,0,0,0,1,2,0,17
2588,0,0,0,0,0,0,0,1,1,0,0,0,0,0,0,0,0,0,0,0,0,3,2,15
2590,0,0,0,0,0,0,0,1,1,0,0,0,0,0,0,0,0,0,0,0,0,3,2,15
2592,0,0,0,0,0,0,0,1,1,0,0,0,0,0,0,0,0,0,0,0,0,3,2,15
2596,0,0,0,0,0,0,0,1,1,0,0,0,0,0,0,0,0,0,0,0,0,3,2,15
2599,0,0,0,0,0,0,0,1,1,0,0,0,0,0,0,0,0,0,0,0,0,3,2,15
2601,0,0,0,0,0,0,0,0,0,0,0,0,0,0,0,0,0,0,0,0,0,3,0,17
2610,0,0,0,0,0,0,0,1,1,0,0,0,0,0,0,0,0,0,0,0,0,3,2,15
2611,0,0,0,0,0,0,0,1,1,0,0,0,0,0,0,0,0,0,0,0,0,3,2,15
2613,0,0,0,0,0,0,0,1,1,0,0,0,0,0,0,0,0,0,0,0,0,3,2,15
2614,0,0,0,0,0,0,0,1,1,0,0,0,0,0,0,0,0,0,0,0,0,3,2,15
2616,0,0,0,0,0,0,0,0,0,0,0,0,0,0,0,0,0,0,0,0,0,3,0,17
2618,0,0,0,0,0,0,0,1,1,0,0,0,0,0,0,0,0,0,0,0,0,3,2,15
2620,0,0,0,0,0,0,0,1,1,0,0,0,0,0,0,0,0,0,0,0,0,3,2,15
2641,0,0,1,0,0,0,0,1,1,0,0,0,0,0,0,0,0,0,0,0,1,2,2,15
2647,0,0,1,0,0,0,0,1,1,0,0,0,0,0,0,0,0,0,0,0,1,2,2,15
2650,0,0,1,0,0,0,0,1,1,0,0,0,0,0,0,0,0,0,0,0,1,2,2,15
2652,0,0,0,0,0,0,0,0,0,0,0,0,0,0,0,0,0,0,0,0,0,3,0,17
2653,0,0,0,0,0,0,0,0,0,0,0,0,0,0,0,0,0,0,0,0,0,3,0,17
2654,0,0,0,0,0,0,0,0,0,0,0,0,0,0,0,0,0,0,0,0,0,3,0,17
2655,0,0,0,0,0,0,0,0,0,0,0,0,0,0,0,0,0,0,0,0,0,3,0,17
2659,0,0,0,0,0,0,0,0,0,0,0,0,0,0,0,0,0,0,0,0,0,3,0,17
2660,0,0,0,0,0,0,0,0,0,0,0,0,0,0,0,0,0,0,0,0,0,3,0,17
2661,0,0,0,0,0,0,0,0,0,0,0,0,0,0,0,0,0,0,0,0,0,3,0,17
2662,0,0,0,0,0,0,0,0,0,0,0,0,0,0,0,0,0,0,0,0,0,3,0,17
2663,0,0,0,0,0,0,0,0,0,0,0,0,0,0,0,0,0,0,0,0,0,3,0,17
2676,0,0,0,0,0,0,0,0,0,0,0,0,0,0,0,0,0,0,0,0,0,3,0,17
2677,0,0,0,0,0,0,0,0,0,0,0,0,0,0,0,0,0,0,0,0,0,3,0,17
2681,0,0,0,0,0,0,0,0,0,0,0,0,0,0,0,0,0,0,0,0,0,3,0,17
2692,0,0,0,0,0,0,0,0,0,0,0,0,0,0,0,0,0,0,0,0,0,3,0,17
2693,0,0,0,0,0,0,0,0,0,0,0,0,0,0,0,0,0,0,0,0,0,3,0,17
2694,0,0,0,0,0,0,0,0,0,0,0,0,0,0,0,0,0,0,0,0,0,3,0,17
2695,0,0,0,0,0,0,0,0,0,0,0,0,0,0,0,0,0,0,0,0,0,3,0,17
2703,0,0,0,0,0,0,0,0,0,0,0,0,0,0,0,0,0,0,0,0,0,3,0,17
2704,0,0,0,0,0,0,0,0,0,0,0,0,0,0,0,0,0,0,0,0,0,3,0,17
2705,0,0,0,0,0,0,0,0,0,0,0,0,0,0,0,0,0,0,0,0,0,3,0,17
2706,0,0,0,0,0,0,0,0,0,0,0,0,0,0,0,0,0,0,0,0,0,3,0,17
2718,0,0,0,0,0,0,0,1,1,0,0,0,0,0,0,0,0,0,0,0,0,3,2,15
2723,0,0,0,0,0,0,0,1,1,0,0,0,0,0,0,0,0,0,0,0,0,3,2,15
2725,0,0,0,0,0,0,0,1,1,0,0,0,0,0,0,0,0,0,0,0,0,3,2,15
2726,0,0,0,0,0,0,0,0,0,0,0,0,0,0,0,0,0,0,0,0,0,3,0,17
2727,0,0,0,0,0,0,0,0,0,0,0,0,0,0,0,0,0,0,0,0,0,3,0,17
2730,0,0,0,0,0,0,0,0,0,0,0,0,0,0,0,0,0,0,0,0,0,3,0,17
2736,0,0,0,0,0,0,0,0,0,0,0,0,0,0,0,0,0,0,0,0,0,3,0,17
2737,0,0,0,0,0,0,0,0,0,0,0,0,0,0,0,0,0,0,0,0,0,3,0,17
2738,0,0,0,0,0,0,0,0,0,0,0,0,0,0,0,0,0,0,0,0,0,3,0,17
2740,0,0,0,0,0,0,0,0,0,0,0,0,0,0,0,0,0,0,0,0,0,3,0,17
2744,0,0,0,0,0,0,0,1,1,0,0,0,0,0,0,0,0,0,0,0,0,3,2,15
2746,0,0,0,0,0,0,0,0,0,0,0,0,0,0,0,0,0,0,0,0,0,3,0,17
2747,0,0,0,0,0,0,0,0,0,0,0,0,0,0,0,0,0,0,0,0,0,3,0,17
2750,0,0,0,0,0,0,0,0,0,0,0,0,0,0,0,0,0,0,0,0,0,3,0,17
2751,0,0,0,0,0,0,0,0,0,0,0,0,0,0,0,0,0,0,0,0,0,3,0,17
2753,0,0,0,0,0,0,0,1,1,0,0,0,0,0,0,0,0,0,0,0,0,3,2,15
2770,0,0,0,0,0,0,0,1,1,0,0,0,0,0,0,0,0,0,0,0,0,3,2,15
2773,0,0,0,0,0,0,0,1,1,0,0,0,0,0,0,0,0,0,0,0,0,3,2,15
2793,1,1,1,0,0,0,0,0,0,1,0,0,0,0,0,0,0,0,0,0,3,0,1,16
2794,1,1,1,0,0,0,0,0,0,1,0,0,0,0,0,0,0,0,0,0,3,0,1,16
2797,1,1,1,0,0,0,0,0,0,1,0,0,0,0,0,0,0,0,0,0,3,0,1,16
2798,1,1,1,0,0,0,0,0,0,1,0,0,0,0,0,0,0,0,0,0,3,0,1,16
2799,1,1,1,0,0,0,0,0,0,1,0,0,0,0,0,0,0,0,0,0,3,0,1,16
2800,1,1,1,0,0,0,0,0,0,1,0,0,0,0,0,0,0,0,0,0,3,0,1,16
2801,1,1,1,0,0,0,0,0,0,1,0,0,0,0,0,0,0,0,0,0,3,0,1,16
2804,1,1,1,0,0,0,0,0,0,1,0,0,0,0,0,0,0,0,0,0,3,0,1,16
2811,1,1,1,0,0,0,0,0,0,0,0,0,0,0,0,0,0,0,0,0,3,0,0,17
2813,1,1,1,0,0,0,0,0,0,0,0,0,0,0,0,0,0,0,0,0,3,0,0,17
2814,0,0,0,0,0,0,0,0,0,0,0,0,0,0,0,0,0,0,0,0,0,3,0,17
2817,0,0,0,0,0,0,0,0,0,0,0,0,0,0,0,0,0,0,0,0,0,3,0,17
2818,0,0,0,0,0,0,0,0,0,0,0,0,0,0,0,0,0,0,0,0,0,3,0,17
2820,1,1,1,0,0,0,0,0,0,0,0,0,0,0,0,0,0,0,0,0,3,0,0,17
2821,1,1,1,0,0,0,0,0,0,0,0,0,0,0,0,0,0,0,0,0,3,0,0,17
2823,1,1,1,0,0,0,0,0,0,0,0,0,0,0,0,0,0,0,0,0,3,0,0,17
2827,1,1,1,0,0,0,0,0,0,0,0,0,0,0,0,0,0,0,0,0,3,0,0,17
2830,1,1,1,0,0,0,0,0,0,0,0,0,0,0,0,0,0,0,0,0,3,0,0,17
2831,1,1,1,0,0,0,0,0,0,0,0,0,0,0,0,0,0,0,0,0,3,0,0,17
2833,0,0,0,0,0,0,0,0,0,0,0,0,0,0,0,0,0,0,0,0,0,3,0,17
2834,0,0,0,0,0,0,0,0,0,0,0,0,0,0,0,0,0,0,0,0,0,3,0,17
2837,0,0,0,0,0,0,0,0,0,0,0,0,0,0,0,0,0,0,0,0,0,3,0,17
2838,0,0,0,0,0,0,0,0,0,0,0,0,0,0,0,0,0,0,0,0,0,3,0,17
2840,0,0,0,0,0,0,0,0,0,0,0,0,0,0,0,0,0,0,0,0,0,3,0,17
2841,0,0,0,0,0,0,0,0,0,0,0,0,0,0,0,0,0,0,0,0,0,3,0,17
2844,0,0,0,0,0,0,0,0,0,0,0,0,0,0,0,0,0,0,0,0,0,3,0,17
2845,0,0,0,0,0,0,0,0,0,0,0,0,0,0,0,0,0,0,0,0,0,3,0,17
2847,0,0,0,0,0,0,0,0,0,0,0,0,0,0,0,0,0,0,0,0,0,3,0,17
2848,0,0,0,0,0,0,0,0,0,0,0,0,0,0,0,0,0,0,0,0,0,3,0,17
2849,0,0,0,0,0,0,0,0,0,0,0,0,0,0,0,0,0,0,0,0,0,3,0,17
2850,0,0,0,0,0,0,0,0,0,0,0,0,0,0,0,0,0,0,0,0,0,3,0,17
2852,0,0,0,0,0,0,0,0,0,0,0,0,0,0,0,0,0,0,0,0,0,3,0,17
2854,0,0,0,0,0,0,0,0,0,0,0,0,0,0,0,0,0,0,0,0,0,3,0,17
2855,0,0,0,0,0,0,0,0,0,0,0,0,0,0,0,0,0,0,0,0,0,3,0,17
2857,0,0,0,0,0,0,0,0,0,0,0,0,0,0,0,0,0,0,0,0,0,3,0,17
2858,0,0,0,0,0,0,0,0,0,0,0,0,0,0,0,0,0,0,0,0,0,3,0,17
2859,0,0,0,0,0,0,0,0,0,0,0,0,0,0,0,0,0,0,0,0,0,3,0,17
2860,0,0,0,0,0,0,0,0,0,0,0,0,0,0,0,0,0,0,0,0,0,3,0,17
2861,0,0,0,0,0,0,0,0,0,0,0,0,0,0,0,0,0,0,0,0,0,3,0,17
2865,0,0,0,0,0,0,0,0,0,0,0,0,0,0,0,0,0,0,0,0,0,3,0,17
2866,0,0,0,0,0,0,0,0,0,0,0,0,0,0,0,0,0,0,0,0,0,3,0,17
2867,0,0,0,0,0,0,0,0,0,0,0,0,0,0,0,0,0,0,0,0,0,3,0,17
2868,0,0,0,0,0,0,0,0,0,0,0,0,0,0,0,0,0,0,0,0,0,3,0,17
2869,0,0,0,0,0,0,0,0,0,0,0,0,0,0,0,0,0,0,0,0,0,3,0,17
2872,0,0,0,0,0,0,0,0,0,0,0,0,0,0,0,0,0,0,0,0,0,3,0,17
2876,0,0,0,0,0,0,0,0,0,0,0,0,0,0,0,0,0,0,0,0,0,3,0,17
2877,0,0,0,0,0,0,0,0,0,0,0,0,0,0,0,0,0,0,0,0,0,3,0,17
2880,0,0,0,0,0,0,0,0,0,0,0,0,0,0,0,0,0,0,0,0,0,3,0,17
2883,0,0,0,0,0,0,0,0,0,0,0,0,0,0,0,0,0,0,0,0,0,3,0,17
2885,0,0,0,0,0,0,0,0,0,0,0,0,0,0,0,0,0,0,0,0,0,3,0,17
2886,0,0,0,0,0,0,0,0,0,0,0,0,0,0,0,0,0,0,0,0,0,3,0,17
2887,0,0,0,0,0,0,0,0,0,0,0,0,0,0,0,0,0,0,0,0,0,3,0,17
2888,0,0,0,0,0,0,0,0,0,0,0,0,0,0,0,0,0,0,0,0,0,3,0,17
2895,0,0,0,0,0,0,0,0,0,0,0,0,0,0,0,0,0,0,0,0,0,3,0,17
2896,0,0,0,0,0,0,0,0,0,0,0,0,0,0,0,0,0,0,0,0,0,3,0,17
2898,0,0,0,0,0,0,0,0,0,0,0,0,0,0,0,0,0,0,0,0,0,3,0,17
2899,0,0,0,0,0,0,0,0,0,0,0,0,0,0,0,0,0,0,0,0,0,3,0,17
2902,0,0,0,0,0,0,0,0,0,1,0,0,0,0,0,0,0,0,0,0,0,3,1,16
2907,0,0,0,0,0,0,0,0,0,0,0,0,0,0,0,0,0,0,0,0,0,3,0,17
2908,0,0,0,0,0,0,0,0,0,0,0,0,0,0,0,0,0,0,0,0,0,3,0,17
2909,0,0,0,0,0,0,0,0,0,0,0,0,0,0,0,0,0,0,0,0,0,3,0,17
2911,0,0,0,0,0,0,0,0,0,0,0,0,0,0,0,0,0,0,0,0,0,3,0,17
2913,0,0,0,0,0,0,0,0,0,1,0,0,0,0,0,0,0,0,0,0,0,3,1,16
2914,0,0,0,0,0,0,0,0,0,1,0,0,0,0,0,0,0,0,0,0,0,3,1,16
2915,0,0,0,0,0,0,0,0,0,1,0,0,0,0,0,0,0,0,0,0,0,3,1,16
2916,0,0,0,0,0,0,0,0,0,0,0,0,0,0,0,0,0,0,0,0,0,3,0,17
2917,0,0,0,0,0,0,0,0,0,0,0,0,0,0,0,0,0,0,0,0,0,3,0,17
2918,0,0,0,0,0,0,0,0,0,0,0,0,0,0,0,0,0,0,0,0,0,3,0,17
2919,0,0,0,0,0,0,0,0,0,0,0,0,0,0,0,0,0,0,0,0,0,3,0,17
2921,0,0,0,0,0,0,0,0,0,1,0,0,0,0,0,0,0,0,0,0,0,3,1,16
2922,0,0,0,0,0,0,0,0,0,0,0,0,0,0,0,0,0,0,0,0,0,3,0,17
2923,0,0,0,0,0,0,0,0,0,0,0,0,0,0,0,0,0,0,0,0,0,3,0,17
2924,0,0,0,0,0,0,0,0,0,0,0,0,0,0,0,0,0,0,0,0,0,3,0,17
2925,0,0,0,0,0,0,0,0,0,0,0,0,0,0,0,0,0,0,0,0,0,3,0,17
2927,0,0,0,0,0,0,0,0,0,0,0,0,0,0,0,0,0,0,0,0,0,3,0,17
2929,0,0,0,0,0,0,0,0,0,0,0,0,0,0,0,0,0,0,0,0,0,3,0,17
2940,0,0,0,0,0,0,0,0,0,0,0,0,0,0,0,0,0,0,0,0,0,3,0,17
2963,0,0,0,0,0,0,0,1,1,0,0,0,0,0,0,0,0,0,0,0,0,3,2,15
2964,0,0,0,0,0,0,0,1,1,0,0,0,0,0,0,0,0,0,0,0,0,3,2,15
2968,0,0,0,0,0,0,0,1,1,0,0,0,0,0,0,0,0,0,0,0,0,3,2,15
2969,0,0,0,0,0,0,0,1,1,0,0,0,0,0,0,0,0,0,0,0,0,3,2,15
2970,0,0,0,0,0,0,0,1,1,0,0,0,0,0,0,0,0,0,0,0,0,3,2,15
2971,0,0,0,0,0,0,0,1,1,0,0,0,0,0,0,0,0,0,0,0,0,3,2,15
2973,0,0,0,0,0,0,0,1,1,0,0,0,0,0,0,0,0,0,0,0,0,3,2,15
2992,0,0,0,0,0,0,0,1,1,0,0,0,0,0,0,0,0,0,0,0,0,3,2,15
2995,0,0,0,0,0,0,0,1,1,0,0,0,0,0,0,0,0,0,0,0,0,3,2,15
3001,0,0,0,0,0,0,0,0,0,0,0,0,0,0,0,0,0,0,0,0,0,3,0,17
3003,0,0,0,0,0,0,0,0,0,0,0,0,0,0,0,0,0,0,0,0,0,3,0,17
3004,0,0,0,0,0,0,0,0,0,0,0,0,0,0,0,0,0,0,0,0,0,3,0,17
3006,0,0,0,0,0,0,0,0,0,0,0,0,0,0,0,0,0,0,0,0,0,3,0,17
3012,0,0,0,0,0,0,0,0,0,0,0,0,0,0,0,0,0,0,0,0,0,3,0,17
3013,0,0,0,0,0,0,0,0,0,0,0,0,0,0,0,0,0,0,0,0,0,3,0,17
3015,0,0,0,0,0,0,0,0,0,0,0,0,0,0,0,0,0,0,0,0,0,3,0,17
3016,0,0,0,0,0,0,0,0,0,0,0,0,0,0,0,0,0,0,0,0,0,3,0,17
3019,0,0,0,0,0,0,0,0,0,0,0,0,0,0,0,0,0,0,0,0,0,3,0,17
3021,0,0,0,0,0,0,0,0,0,0,0,0,0,0,0,0,0,0,0,0,0,3,0,17
3022,0,0,0,0,0,0,0,0,0,0,0,0,0,0,0,0,0,0,0,0,0,3,0,17
3023,0,0,0,0,0,0,0,0,0,0,0,0,0,0,0,0,0,0,0,0,0,3,0,17
3024,0,0,0,0,0,0,0,0,0,0,0,0,0,0,0,0,0,0,0,0,0,3,0,17
3025,0,0,0,0,0,0,0,0,0,0,0,0,0,0,0,0,0,0,0,0,0,3,0,17
3026,0,0,0,0,0,0,0,0,0,0,0,0,0,0,0,0,0,0,0,0,0,3,0,17
3028,0,0,0,0,0,0,0,0,0,0,0,0,0,0,0,0,0,0,0,0,0,3,0,17
3029,0,0,0,0,0,0,0,0,0,0,0,0,0,0,0,0,0,0,0,0,0,3,0,17
3030,0,0,0,0,0,0,0,0,0,0,0,0,0,0,0,0,0,0,0,0,0,3,0,17
3031,0,0,0,0,0,0,0,0,0,0,0,0,0,0,0,0,0,0,0,0,0,3,0,17
3034,0,0,0,0,0,0,0,0,0,0,0,0,0,0,0,0,0,0,0,0,0,3,0,17
3035,0,0,0,0,0,0,0,0,0,0,0,0,0,0,0,0,0,0,0,0,0,3,0,17
3036,0,0,0,0,0,0,0,0,0,0,0,0,0,0,0,0,0,0,0,0,0,3,0,17
3037,0,0,0,0,0,0,0,0,0,0,0,0,0,0,0,0,0,0,0,0,0,3,0,17
3038,0,0,0,0,0,0,0,0,0,0,0,0,0,0,0,0,0,0,0,0,0,3,0,17
3039,0,0,0,0,0,0,0,0,0,0,0,0,0,0,0,0,0,0,0,0,0,3,0,17
3041,0,0,0,0,0,0,0,0,0,0,0,0,0,0,0,0,0,0,0,0,0,3,0,17
3056,0,0,0,0,0,0,0,1,1,0,0,0,0,0,0,0,0,0,0,0,0,3,2,15
3057,0,0,0,0,0,0,0,1,1,0,0,0,0,0,0,0,0,0,0,0,0,3,2,15
3060,0,0,0,0,0,0,0,1,1,0,0,0,0,0,0,0,0,0,0,0,0,3,2,15
3061,0,0,0,0,0,0,0,0,0,0,0,0,0,0,0,0,0,0,0,0,0,3,0,17
3062,0,0,0,0,0,0,0,0,0,0,0,0,0,0,0,0,0,0,0,0,0,3,0,17
3078,0,0,0,0,0,0,0,1,1,0,0,0,0,0,0,0,0,0,0,0,0,3,2,15
3079,0,0,0,0,0,0,0,0,0,0,0,0,0,0,0,0,0,0,0,0,0,3,0,17
3080,0,0,0,0,0,0,0,0,0,0,0,0,0,0,0,0,0,0,0,0,0,3,0,17
3081,0,0,0,0,0,0,0,0,0,0,0,0,0,0,0,0,0,0,0,0,0,3,0,17
3084,0,0,0,0,0,0,0,1,1,0,0,0,0,0,0,0,0,0,0,0,0,3,2,15
3087,0,0,0,0,0,0,0,1,1,0,0,0,0,0,0,0,0,0,0,0,0,3,2,15
3088,0,0,0,0,0,0,0,0,0,0,0,0,0,0,0,0,0,0,0,0,0,3,0,17
3089,0,0,0,0,0,0,0,0,0,0,0,0,0,0,0,0,0,0,0,0,0,3,0,17
3092,0,0,0,0,0,0,0,1,1,0,0,0,0,0,0,0,0,0,0,0,0,3,2,15
3094,0,0,0,0,0,0,0,1,1,0,0,0,0,0,0,0,0,0,0,0,0,3,2,15
3096,0,0,0,0,0,0,0,1,1,0,0,0,0,0,0,0,0,0,0,0,0,3,2,15
3097,0,0,0,0,0,0,0,1,1,0,0,0,0,0,0,0,0,0,0,0,0,3,2,15
3098,0,0,0,0,0,0,0,0,0,0,0,0,0,0,0,0,0,0,0,0,0,3,0,17
3099,0,0,0,0,0,0,0,0,0,0,0,0,0,0,0,0,0,0,0,0,0,3,0,17
3116,0,0,0,0,0,0,0,0,0,0,0,0,0,0,0,0,0,0,0,0,0,3,0,17
3118,0,0,0,0,0,0,0,0,0,0,0,0,0,0,0,0,0,0,0,0,0,3,0,17
3119,0,0,0,0,0,0,0,0,0,0,0,0,0,0,0,0,0,0,0,0,0,3,0,17
3120,0,0,0,0,0,0,0,0,0,0,0,0,0,0,0,0,0,0,0,0,0,3,0,17
3121,0,0,0,0,0,0,0,0,0,0,0,0,0,0,0,0,0,0,0,0,0,3,0,17
3139,0,0,0,0,0,0,0,0,0,0,0,0,0,0,0,0,0,0,0,0,0,3,0,17
3141,0,0,0,0,0,0,0,0,0,0,0,0,0,0,0,0,0,0,0,0,0,3,0,17
3144,0,0,0,0,0,0,0,0,0,0,0,0,0,0,0,0,0,0,0,0,0,3,0,17
3146,0,0,0,0,0,0,0,0,0,0,0,0,0,0,0,0,0,0,0,0,0,3,0,17
3150,0,0,0,0,0,0,0,0,0,0,0,0,0,0,0,0,0,0,0,0,0,3,0,17
3151,0,0,0,0,0,0,0,0,0,0,0,0,0,0,0,0,0,0,0,0,0,3,0,17
3159,0,0,0,0,0,0,0,0,0,0,0,0,0,0,0,0,0,0,0,0,0,3,0,17
3161,0,0,0,0,0,0,0,0,0,0,0,0,0,0,0,0,0,0,0,0,0,3,0,17
3162,0,0,0,0,0,0,0,0,0,0,0,0,0,0,0,0,0,0,0,0,0,3,0,17
3164,0,0,0,0,0,0,0,0,0,0,0,0,0,0,0,0,0,0,0,0,0,3,0,17
3166,0,0,0,0,0,0,0,0,0,0,0,0,0,0,0,0,0,0,0,0,0,3,0,17
3169,0,0,0,0,0,0,0,0,0,0,0,0,0,0,0,0,0,0,0,0,0,3,0,17
3179,1,1,1,1,1,1,1,1,1,1,1,1,1,1,1,1,1,1,1,1,3,0,17,0
3180,1,1,1,1,1,1,1,1,1,1,1,1,1,1,1,1,1,1,1,1,3,0,17,0
3191,1,1,1,1,1,1,1,1,1,1,1,1,1,1,1,1,1,1,1,1,3,0,17,0
3199,0,0,0,0,0,0,0,0,0,0,0,0,0,0,0,0,0,0,0,0,0,3,0,17
3200,0,0,0,0,0,0,0,0,0,0,0,0,0,0,0,0,0,0,0,0,0,3,0,17
3201,0,0,0,0,0,0,0,0,0,0,0,0,0,0,0,0,0,0,0,0,0,3,0,17
3203,0,0,0,0,0,0,0,0,0,0,0,0,0,0,0,0,0,0,0,0,0,3,0,17
3508,0,0,0,0,0,0,0,0,0,0,0,0,0,0,0,0,0,0,0,0,0,3,0,17
3509,0,0,0,0,0,0,0,0,0,0,0,0,0,0,0,0,0,0,0,0,0,3,0,17
3513,0,0,0,0,0,0,0,0,0,0,0,0,0,0,0,0,0,0,0,0,0,3,0,17
3514,0,0,0,0,0,0,0,0,0,0,0,0,0,0,0,0,0,0,0,0,0,3,0,17
3515,0,0,0,0,0,0,0,0,0,0,0,0,0,0,0,0,0,0,0,0,0,3,0,17
3517,0,0,0,0,0,0,0,0,0,0,0,0,0,0,0,0,0,0,0,0,0,3,0,17
3518,0,0,0,0,0,0,0,0,0,0,0,0,0,0,0,0,0,0,0,0,0,3,0,17
3519,0,0,0,0,0,0,0,0,0,0,0,0,0,0,0,0,0,0,0,0,0,3,0,17
3524,0,0,0,0,0,0,0,0,0,0,0,0,0,0,0,0,0,0,0,0,0,3,0,17
3525,0,0,0,0,0,0,0,0,0,0,0,0,0,0,0,0,0,0,0,0,0,3,0,17
3526,0,0,0,0,0,0,0,0,0,0,0,0,0,0,0,0,0,0,0,0,0,3,0,17
3527,0,0,0,0,0,0,0,0,0,0,0,0,0,0,0,0,0,0,0,0,0,3,0,17
3528,0,0,0,0,0,0,0,0,0,0,0,0,0,0,0,0,0,0,0,0,0,3,0,17
3529,0,0,0,0,0,0,0,0,0,0,0,0,0,0,0,0,0,0,0,0,0,3,0,17
3530,0,0,0,0,0,0,0,0,0,0,0,0,0,0,0,0,0,0,0,0,0,3,0,17
3531,0,0,0,0,0,0,0,0,0,0,0,0,0,0,0,0,0,0,0,0,0,3,0,17
3532,0,0,0,0,0,0,0,0,0,0,0,0,0,0,0,0,0,0,0,0,0,3,0,17
3533,0,0,0,0,0,0,0,0,0,0,0,0,0,0,0,0,0,0,0,0,0,3,0,17
3534,0,0,0,0,0,0,0,0,0,0,0,0,0,0,0,0,0,0,0,0,0,3,0,17
3535,0,0,0,0,0,0,0,0,0,0,0,0,0,0,0,0,0,0,0,0,0,3,0,17
3536,0,0,0,0,0,0,0,0,0,0,0,0,0,0,0,0,0,0,0,0,0,3,0,17
3537,0,0,0,0,0,0,0,0,0,0,0,0,0,0,0,0,0,0,0,0,0,3,0,17
3541,0,0,0,0,0,0,0,0,0,0,0,0,0,0,0,0,0,0,0,0,0,3,0,17
3542,0,0,0,0,0,0,0,0,0,0,0,0,0,0,0,0,0,0,0,0,0,3,0,17
3543,0,0,0,0,0,0,0,0,0,0,0,0,0,0,0,0,0,0,0,0,0,3,0,17
3544,0,0,0,0,0,0,0,0,0,0,0,0,0,0,0,0,0,0,0,0,0,3,0,17
3545,0,0,0,0,0,0,0,0,0,0,0,0,0,0,0,0,0,0,0,0,0,3,0,17
3546,0,0,0,0,0,0,0,0,0,0,0,0,0,0,0,0,0,0,0,0,0,3,0,17
3550,0,0,0,0,0,0,0,0,0,0,0,0,0,0,0,0,0,0,0,0,0,3,0,17
3551,0,0,0,0,0,0,0,0,0,0,0,0,0,0,0,0,0,0,0,0,0,3,0,17
3552,0,0,0,0,0,0,0,0,0,0,0,0,0,0,0,0,0,0,0,0,0,3,0,17
3553,0,0,0,0,0,0,0,0,0,0,0,0,0,0,0,0,0,0,0,0,0,3,0,17
3558,0,0,0,0,0,0,0,0,0,0,0,0,0,0,0,0,0,0,0,0,0,3,0,17
3560,0,0,0,0,0,0,0,0,0,0,0,0,0,0,0,0,0,0,0,0,0,3,0,17
3561,0,0,0,0,0,0,0,0,0,0,0,0,0,0,0,0,0,0,0,0,0,3,0,17
3562,0,0,0,0,0,0,0,0,0,0,0,0,0,0,0,0,0,0,0,0,0,3,0,17
3566,0,0,0,0,0,0,0,0,0,0,0,0,0,0,0,0,0,0,0,0,0,3,0,17
3567,0,0,0,0,0,0,0,0,0,0,0,0,0,0,0,0,0,0,0,0,0,3,0,17
3568,0,0,0,0,0,0,0,0,0,0,0,0,0,0,0,0,0,0,0,0,0,3,0,17
3569,0,0,0,0,0,0,0,0,0,0,0,0,0,0,0,0,0,0,0,0,0,3,0,17
3570,0,0,0,0,0,0,0,0,0,0,0,0,0,0,0,0,0,0,0,0,0,3,0,17
3571,0,0,0,0,0,0,0,0,0,0,0,0,0,0,0,0,0,0,0,0,0,3,0,17
3572,0,0,0,0,0,0,0,0,0,0,0,0,0,0,0,0,0,0,0,0,0,3,0,17
3575,0,0,0,0,0,0,0,0,0,0,0,0,0,0,0,0,0,0,0,0,0,3,0,17
3577,0,0,0,0,0,0,0,0,0,0,0,0,0,0,0,0,0,0,0,0,0,3,0,17
3578,0,0,0,0,0,0,0,0,0,0,0,0,0,0,0,0,0,0,0,0,0,3,0,17
3582,0,0,0,0,0,0,0,0,0,0,0,0,0,0,0,0,0,0,0,0,0,3,0,17
3584,0,0,0,0,0,0,0,0,0,0,0,0,0,0,0,0,0,0,0,0,0,3,0,17
3585,0,0,0,0,0,0,0,0,0,0,0,0,0,0,0,0,0,0,0,0,0,3,0,17
3588,0,0,0,0,0,0,0,0,0,0,0,0,0,0,0,0,0,0,0,0,0,3,0,17
3589,0,0,0,0,0,0,0,0,0,0,0,0,0,0,0,0,0,0,0,0,0,3,0,17
3591,0,0,0,0,0,0,0,0,0,0,0,0,0,0,0,0,0,0,0,0,0,3,0,17
3592,0,0,0,0,0,0,0,0,0,0,0,0,0,0,0,0,0,0,0,0,0,3,0,17
3593,0,0,0,0,0,0,0,0,0,0,0,0,0,0,0,0,0,0,0,0,0,3,0,17
3595,0,0,0,0,0,0,0,0,0,0,0,0,0,0,0,0,0,0,0,0,0,3,0,17
3596,0,0,0,0,0,0,0,0,0,0,0,0,0,0,0,0,0,0,0,0,0,3,0,17
3597,0,0,0,0,0,0,0,0,0,0,0,0,0,0,0,0,0,0,0,0,0,3,0,17
3600,0,0,0,0,0,0,0,0,0,0,0,0,0,0,0,0,0,0,0,0,0,3,0,17
3603,0,0,0,0,0,0,0,0,0,0,0,0,0,0,0,0,0,0,0,0,0,3,0,17
3606,0,0,0,0,0,0,0,0,0,0,0,0,0,0,0,0,0,0,0,0,0,3,0,17
3607,0,0,0,0,0,0,0,0,0,0,0,0,0,0,0,0,0,0,0,0,0,3,0,17
3608,0,0,0,0,0,0,0,0,0,0,0,0,0,0,0,0,0,0,0,0,0,3,0,17
3610,0,0,0,0,0,0,0,0,0,0,0,0,0,0,0,0,0,0,0,0,0,3,0,17
3611,0,0,0,0,0,0,0,0,0,0,0,0,0,0,0,0,0,0,0,0,0,3,0,17
3612,0,0,0,0,0,0,0,0,0,0,0,0,0,0,0,0,0,0,0,0,0,3,0,17
3613,0,0,0,0,0,0,0,0,0,0,0,0,0,0,0,0,0,0,0,0,0,3,0,17
3616,0,0,0,0,0,0,0,0,0,0,0,0,0,0,0,0,0,0,0,0,0,3,0,17
3618,0,0,0,0,0,0,0,0,0,0,0,0,0,0,0,0,0,0,0,0,0,3,0,17
3619,0,0,0,0,0,0,0,0,0,0,0,0,0,0,0,0,0,0,0,0,0,3,0,17
3620,0,0,0,0,0,0,0,0,0,0,0,0,0,0,0,0,0,0,0,0,0,3,0,17
3621,0,0,0,0,0,0,0,0,0,0,0,0,0,0,0,0,0,0,0,0,0,3,0,17
3622,0,0,0,0,0,0,0,0,0,0,0,0,0,0,0,0,0,0,0,0,0,3,0,17
3623,0,0,0,0,0,0,0,0,0,0,0,0,0,0,0,0,0,0,0,0,0,3,0,17
3628,0,0,0,0,0,0,0,0,0,0,0,0,0,0,0,0,0,0,0,0,0,3,0,17
3629,0,0,0,0,0,0,0,0,0,0,0,0,0,0,0,0,0,0,0,0,0,3,0,17
3630,0,0,0,0,0,0,0,0,0,0,0,0,0,0,0,0,0,0,0,0,0,3,0,17
3631,0,0,0,0,0,0,0,0,0,0,0,0,0,0,0,0,0,0,0,0,0,3,0,17
3633,0,0,0,0,0,0,0,0,0,0,0,0,0,0,0,0,0,0,0,0,0,3,0,17
3634,0,0,0,0,0,0,0,0,0,0,0,0,0,0,0,0,0,0,0,0,0,3,0,17
3635,0,0,0,0,0,0,0,0,0,0,0,0,0,0,0,0,0,0,0,0,0,3,0,17
3639,0,0,0,0,0,0,0,0,0,0,0,0,0,0,0,0,0,0,0,0,0,3,0,17
3640,0,0,0,0,0,0,0,0,0,0,0,0,0,0,0,0,0,0,0,0,0,3,0,17
3644,0,0,0,0,0,0,0,0,0,0,0,0,0,0,0,0,0,0,0,0,0,3,0,17
3645,0,0,0,0,0,0,0,0,0,0,0,0,0,0,0,0,0,0,0,0,0,3,0,17
3646,0,0,0,0,0,0,0,0,0,0,0,0,0,0,0,0,0,0,0,0,0,3,0,17
3649,0,0,0,0,0,0,0,0,0,0,0,0,0,0,0,0,0,0,0,0,0,3,0,17
3650,0,0,0,0,0,0,0,0,0,0,0,0,0,0,0,0,0,0,0,0,0,3,0,17
3651,0,0,0,0,0,0,0,0,0,0,0,0,0,0,0,0,0,0,0,0,0,3,0,17
3654,0,0,0,0,0,0,0,0,0,0,0,0,0,0,0,0,0,0,0,0,0,3,0,17
3656,0,0,0,0,0,0,0,0,0,0,0,0,0,0,0,0,0,0,0,0,0,3,0,17
3657,0,0,0,0,0,0,0,0,0,0,0,0,0,0,0,0,0,0,0,0,0,3,0,17
3664,0,0,0,0,0,0,0,0,0,0,0,0,0,0,0,0,0,0,0,0,0,3,0,17
3679,0,0,0,0,0,0,0,0,0,0,0,0,0,0,0,0,0,0,0,0,0,3,0,17
3680,0,0,0,0,0,0,0,0,0,0,0,0,0,0,0,0,0,0,0,0,0,3,0,17
3682,0,0,0,0,0,0,0,0,0,0,0,0,0,0,0,0,0,0,0,0,0,3,0,17
3683,0,0,0,0,0,0,0,0,0,0,0,0,0,0,0,0,0,0,0,0,0,3,0,17
3684,0,0,0,0,0,0,0,0,0,0,0,0,0,0,0,0,0,0,0,0,0,3,0,17
3686,0,0,0,0,0,0,0,0,0,0,0,0,0,0,0,0,0,0,0,0,0,3,0,17
3706,0,0,0,0,0,0,0,0,0,0,0,0,0,0,0,0,0,0,0,0,0,3,0,17
3707,0,0,0,0,0,0,0,0,0,0,0,0,0,0,0,0,0,0,0,0,0,3,0,17
3708,0,0,0,0,0,0,0,0,0,0,0,0,0,0,0,0,0,0,0,0,0,3,0,17
3711,0,0,0,0,0,0,0,0,0,0,0,0,0,0,0,0,0,0,0,0,0,3,0,17
3712,0,0,0,0,0,0,0,0,0,0,0,0,0,0,0,0,0,0,0,0,0,3,0,17
3715,0,0,0,0,0,0,0,0,0,0,0,0,0,0,0,0,0,0,0,0,0,3,0,17
3716,0,0,0,0,0,0,0,0,0,0,0,0,0,0,0,0,0,0,0,0,0,3,0,17
3718,0,0,0,0,0,0,0,0,0,0,0,0,0,0,0,0,0,0,0,0,0,3,0,17
3719,0,0,0,0,0,0,0,0,0,0,0,0,0,0,0,0,0,0,0,0,0,3,0,17
3720,0,0,0,0,0,0,0,0,0,0,0,0,0,0,0,0,0,0,0,0,0,3,0,17
3721,0,0,0,0,0,0,0,0,0,0,0,0,0,0,0,0,0,0,0,0,0,3,0,17
3722,0,0,0,0,0,0,0,0,0,0,0,0,0,0,0,0,0,0,0,0,0,3,0,17
3723,0,0,0,0,0,0,0,0,0,0,0,0,0,0,0,0,0,0,0,0,0,3,0,17
3724,0,0,0,0,0,0,0,0,0,0,0,0,0,0,0,0,0,0,0,0,0,3,0,17
3725,0,0,0,0,0,0,0,0,0,0,0,0,0,0,0,0,0,0,0,0,0,3,0,17
3727,0,0,0,0,0,0,0,0,0,0,0,0,0,0,0,0,0,0,0,0,0,3,0,17
3729,0,0,0,0,0,0,0,0,0,0,0,0,0,0,0,0,0,0,0,0,0,3,0,17
3731,0,0,0,0,0,0,0,0,0,0,0,0,0,0,0,0,0,0,0,0,0,3,0,17
3732,0,0,0,0,0,0,0,0,0,0,0,0,0,0,0,0,0,0,0,0,0,3,0,17
3738,0,0,0,0,0,0,0,0,0,0,0,0,0,0,0,0,0,0,0,0,0,3,0,17
3739,0,0,0,0,0,0,0,0,0,0,0,0,0,0,0,0,0,0,0,0,0,3,0,17
3742,0,0,0,0,0,0,0,0,0,0,0,0,0,0,0,0,0,0,0,0,0,3,0,17
3743,0,0,0,0,0,0,0,0,0,0,0,0,0,0,0,0,0,0,0,0,0,3,0,17
3744,0,0,0,0,0,0,0,0,0,0,0,0,0,0,0,0,0,0,0,0,0,3,0,17
3747,0,0,0,0,0,0,0,0,0,0,0,0,0,0,0,0,0,0,0,0,0,3,0,17
3748,0,0,0,0,0,0,0,0,0,0,0,0,0,0,0,0,0,0,0,0,0,3,0,17
3751,0,0,0,0,0,0,0,0,0,0,0,0,0,0,0,0,0,0,0,0,0,3,0,17
3755,0,0,0,0,0,0,0,0,0,0,0,0,0,0,0,0,0,0,0,0,0,3,0,17
3756,0,0,0,0,0,0,0,0,0,0,0,0,0,0,0,0,0,0,0,0,0,3,0,17
3757,0,0,0,0,0,0,0,0,0,0,0,0,0,0,0,0,0,0,0,0,0,3,0,17
3758,0,0,0,0,0,0,0,0,0,0,0,0,0,0,0,0,0,0,0,0,0,3,0,17
3759,0,0,0,0,0,0,0,0,0,0,0,0,0,0,0,0,0,0,0,0,0,3,0,17
3760,0,0,0,0,0,0,0,0,0,0,0,0,0,0,0,0,0,0,0,0,0,3,0,17
3761,0,0,0,0,0,0,0,0,0,0,0,0,0,0,0,0,0,0,0,0,0,3,0,17
3762,0,0,0,0,0,0,0,0,0,0,0,0,0,0,0,0,0,0,0,0,0,3,0,17
3763,0,0,0,0,0,0,0,0,0,0,0,0,0,0,0,0,0,0,0,0,0,3,0,17
3768,0,0,0,0,0,0,0,0,0,0,0,0,0,0,0,0,0,0,0,0,0,3,0,17
3770,0,0,0,0,0,0,0,0,0,0,0,0,0,0,0,0,0,0,0,0,0,3,0,17
3772,0,0,0,0,0,0,0,0,0,0,0,0,0,0,0,0,0,0,0,0,0,3,0,17
3773,0,0,0,0,0,0,0,0,0,0,0,0,0,0,0,0,0,0,0,0,0,3,0,17
3774,0,0,0,0,0,0,0,0,0,0,0,0,0,0,0,0,0,0,0,0,0,3,0,17
3779,0,0,0,0,0,0,0,0,0,0,0,0,0,0,0,0,0,0,0,0,0,3,0,17
3781,0,0,0,0,0,0,0,0,0,0,0,0,0,0,0,0,0,0,0,0,0,3,0,17
3782,0,0,0,0,0,0,0,0,0,0,0,0,0,0,0,0,0,0,0,0,0,3,0,17
3784,0,0,0,0,0,0,0,0,0,0,0,0,0,0,0,0,0,0,0,0,0,3,0,17
3785,0,0,0,0,0,0,0,0,0,0,0,0,0,0,0,0,0,0,0,0,0,3,0,17
3787,0,0,0,0,0,0,0,0,0,0,0,0,0,0,0,0,0,0,0,0,0,3,0,17
3793,0,0,0,0,0,0,0,0,0,0,0,0,0,0,0,0,0,0,0,0,0,3,0,17
3794,0,0,0,0,0,0,0,0,0,0,0,0,0,0,0,0,0,0,0,0,0,3,0,17
3795,0,0,0,0,0,0,0,0,0,0,0,0,0,0,0,0,0,0,0,0,0,3,0,17
3798,0,0,0,0,0,0,0,0,0,0,0,0,0,0,0,0,0,0,0,0,0,3,0,17
3813,0,0,0,0,0,0,0,0,0,0,0,0,0,0,0,0,0,0,0,0,0,3,0,17
3814,0,0,0,0,0,0,0,0,0,0,0,0,0,0,0,0,0,0,0,0,0,3,0,17
3815,0,0,0,0,0,0,0,0,0,0,0,0,0,0,0,0,0,0,0,0,0,3,0,17
3819,0,0,0,0,0,0,0,0,0,0,0,0,0,0,0,0,0,0,0,0,0,3,0,17
3820,0,0,0,0,0,0,0,0,0,0,0,0,0,0,0,0,0,0,0,0,0,3,0,17
3824,0,0,0,0,0,0,0,0,0,0,0,0,0,0,0,0,0,0,0,0,0,3,0,17
3825,0,0,0,0,0,0,0,0,0,0,0,0,0,0,0,0,0,0,0,0,0,3,0,17
3826,0,0,0,0,0,0,0,0,0,0,0,0,0,0,0,0,0,0,0,0,0,3,0,17
3827,0,0,0,0,0,0,0,0,0,0,0,0,0,0,0,0,0,0,0,0,0,3,0,17
3828,0,0,0,0,0,0,0,0,0,0,0,0,0,0,0,0,0,0,0,0,0,3,0,17
3829,0,0,0,0,0,0,0,0,0,0,0,0,0,0,0,0,0,0,0,0,0,3,0,17
3830,0,0,0,0,0,0,0,0,0,0,0,0,0,0,0,0,0,0,0,0,0,3,0,17
3834,0,0,0,0,0,0,0,0,0,0,0,0,0,0,0,0,0,0,0,0,0,3,0,17
3836,0,0,0,0,0,0,0,0,0,0,0,0,0,0,0,0,0,0,0,0,0,3,0,17
3837,0,0,0,0,0,0,0,0,0,0,0,0,0,0,0,0,0,0,0,0,0,3,0,17
3838,0,0,0,0,0,0,0,0,0,0,0,0,0,0,0,0,0,0,0,0,0,3,0,17
3840,0,0,0,0,0,0,0,0,0,0,0,0,0,0,0,0,0,0,0,0,0,3,0,17
3841,0,0,0,0,0,0,0,0,0,0,0,0,0,0,0,0,0,0,0,0,0,3,0,17
3843,0,0,0,0,0,0,0,0,0,0,0,0,0,0,0,0,0,0,0,0,0,3,0,17
3848,0,0,0,0,0,0,0,0,0,0,0,0,0,0,0,0,0,0,0,0,0,3,0,17
3849,0,0,0,0,0,0,0,0,0,0,0,0,0,0,0,0,0,0,0,0,0,3,0,17
3850,0,0,0,0,0,0,0,0,0,0,0,0,0,0,0,0,0,0,0,0,0,3,0,17
3851,0,0,0,0,0,0,0,0,0,0,0,0,0,0,0,0,0,0,0,0,0,3,0,17
3870,0,0,0,0,0,0,0,0,0,0,0,0,0,0,0,0,0,0,0,0,0,3,0,17
3871,0,0,0,0,0,0,0,0,0,0,0,0,0,0,0,0,0,0,0,0,0,3,0,17
3872,0,0,0,0,0,0,0,0,0,0,0,0,0,0,0,0,0,0,0,0,0,3,0,17
3873,0,0,0,0,0,0,0,0,0,0,0,0,0,0,0,0,0,0,0,0,0,3,0,17
3874,0,0,0,0,0,0,0,0,0,0,0,0,0,0,0,0,0,0,0,0,0,3,0,17
3875,0,0,0,0,0,0,0,0,0,0,0,0,0,0,0,0,0,0,0,0,0,3,0,17
3876,0,0,0,0,0,0,0,0,0,0,0,0,0,0,0,0,0,0,0,0,0,3,0,17
3877,0,0,0,0,0,0,0,0,0,0,0,0,0,0,0,0,0,0,0,0,0,3,0,17
3878,0,0,0,0,0,0,0,0,0,0,0,0,0,0,0,0,0,0,0,0,0,3,0,17
3879,0,0,0,0,0,0,0,0,0,0,0,0,0,0,0,0,0,0,0,0,0,3,0,17
3880,0,0,0,0,0,0,0,0,0,0,0,0,0,0,0,0,0,0,0,0,0,3,0,17
3884,0,0,0,0,0,0,0,0,0,0,0,0,0,0,0,0,0,0,0,0,0,3,0,17
3885,0,0,0,0,0,0,0,0,0,0,0,0,0,0,0,0,0,0,0,0,0,3,0,17
3886,0,0,0,0,0,0,0,0,0,0,0,0,0,0,0,0,0,0,0,0,0,3,0,17
3887,0,0,0,0,0,0,0,0,0,0,0,0,0,0,0,0,0,0,0,0,0,3,0,17
3889,0,0,0,0,0,0,0,0,0,0,0,0,0,0,0,0,0,0,0,0,0,3,0,17
3890,0,0,0,0,0,0,0,0,0,0,0,0,0,0,0,0,0,0,0,0,0,3,0,17
3895,0,0,0,0,0,0,0,0,0,0,0,0,0,0,0,0,0,0,0,0,0,3,0,17
3896,0,0,0,0,0,0,0,0,0,0,0,0,0,0,0,0,0,0,0,0,0,3,0,17
3900,0,0,0,0,0,0,0,0,0,0,0,0,0,0,0,0,0,0,0,0,0,3,0,17
3901,0,0,0,0,0,0,0,0,0,0,0,0,0,0,0,0,0,0,0,0,0,3,0,17
3902,0,0,0,0,0,0,0,0,0,0,0,0,0,0,0,0,0,0,0,0,0,3,0,17
3932,0,0,0,0,0,0,0,0,0,0,0,0,0,0,0,0,0,0,0,0,0,3,0,17
3933,0,0,0,0,0,0,0,0,0,0,0,0,0,0,0,0,0,0,0,0,0,3,0,17
3937,0,0,0,0,0,0,0,0,0,0,0,0,0,0,0,0,0,0,0,0,0,3,0,17
3938,0,0,0,0,0,0,0,0,0,0,0,0,0,0,0,0,0,0,0,0,0,3,0,17
3939,0,0,0,0,0,0,0,0,0,0,0,0,0,0,0,0,0,0,0,0,0,3,0,17
3940,0,0,0,0,0,0,0,0,0,0,0,0,0,0,0,0,0,0,0,0,0,3,0,17
3941,0,0,0,0,0,0,0,0,0,0,0,0,0,0,0,0,0,0,0,0,0,3,0,17
3942,0,0,0,0,0,0,0,0,0,0,0,0,0,0,0,0,0,0,0,0,0,3,0,17
3943,0,0,0,0,0,0,0,0,0,0,0,0,0,0,0,0,0,0,0,0,0,3,0,17
3944,0,0,0,0,0,0,0,0,0,0,0,0,0,0,0,0,0,0,0,0,0,3,0,17
3945,0,0,0,0,0,0,0,0,0,0,0,0,0,0,0,0,0,0,0,0,0,3,0,17
3949,0,0,0,0,0,0,0,0,0,0,0,0,0,0,0,0,0,0,0,0,0,3,0,17
3951,0,0,0,0,0,0,0,0,0,0,0,0,0,0,0,0,0,0,0,0,0,3,0,17
3955,0,0,0,0,0,0,0,0,0,0,0,0,0,0,0,0,0,0,0,0,0,3,0,17
3957,0,0,0,0,0,0,0,0,0,0,0,0,0,0,0,0,0,0,0,0,0,3,0,17
3958,0,0,0,0,0,0,0,0,0,0,0,0,0,0,0,0,0,0,0,0,0,3,0,17
3959,0,0,0,0,0,0,0,0,0,0,0,0,0,0,0,0,0,0,0,0,0,3,0,17
3961,0,0,0,0,0,0,0,0,0,0,0,0,0,0,0,0,0,0,0,0,0,3,0,17
3962,0,0,0,0,0,0,0,0,0,0,0,0,0,0,0,0,0,0,0,0,0,3,0,17
3966,0,0,0,0,0,0,0,0,0,0,0,0,0,0,0,0,0,0,0,0,0,3,0,17
3967,0,0,0,0,0,0,0,0,0,0,0,0,0,0,0,0,0,0,0,0,0,3,0,17
3969,0,0,0,0,0,0,0,0,0,0,0,0,0,0,0,0,0,0,0,0,0,3,0,17
3970,0,0,0,0,0,0,0,0,0,0,0,0,0,0,0,0,0,0,0,0,0,3,0,17
3971,0,0,0,0,0,0,0,0,0,0,0,0,0,0,0,0,0,0,0,0,0,3,0,17
3976,0,0,0,0,0,0,0,0,0,0,0,0,0,0,0,0,0,0,0,0,0,3,0,17
3977,0,0,0,0,0,0,0,0,0,0,0,0,0,0,0,0,0,0,0,0,0,3,0,17
3978,0,0,0,0,0,0,0,0,0,0,0,0,0,0,0,0,0,0,0,0,0,3,0,17
3979,0,0,0,0,0,0,0,0,0,0,0,0,0,0,0,0,0,0,0,0,0,3,0,17
3981,0,0,0,0,0,0,0,0,0,0,0,0,0,0,0,0,0,0,0,0,0,3,0,17
3982,0,0,0,0,0,0,0,0,0,0,0,0,0,0,0,0,0,0,0,0,0,3,0,17
3983,0,0,0,0,0,0,0,0,0,0,0,0,0,0,0,0,0,0,0,0,0,3,0,17
3984,0,0,0,0,0,0,0,0,0,0,0,0,0,0,0,0,0,0,0,0,0,3,0,17
3985,0,0,0,0,0,0,0,0,0,0,0,0,0,0,0,0,0,0,0,0,0,3,0,17
3986,0,0,0,0,0,0,0,0,0,0,0,0,0,0,0,0,0,0,0,0,0,3,0,17
3987,0,0,0,0,0,0,0,0,0,0,0,0,0,0,0,0,0,0,0,0,0,3,0,17
3989,0,0,0,0,0,0,0,0,0,0,0,0,0,0,0,0,0,0,0,0,0,3,0,17
3990,0,0,0,0,0,0,0,0,0,0,0,0,0,0,0,0,0,0,0,0,0,3,0,17
3991,0,0,0,0,0,0,0,0,0,0,0,0,0,0,0,0,0,0,0,0,0,3,0,17
3992,0,0,0,0,0,0,0,0,0,0,0,0,0,0,0,0,0,0,0,0,0,3,0,17
3993,0,0,0,0,0,0,0,0,0,0,0,0,0,0,0,0,0,0,0,0,0,3,0,17
3994,0,0,0,0,0,0,0,0,0,0,0,0,0,0,0,0,0,0,0,0,0,3,0,17
3995,0,0,0,0,0,0,0,0,0,0,0,0,0,0,0,0,0,0,0,0,0,3,0,17
3997,0,0,0,0,0,0,0,0,0,0,0,0,0,0,0,0,0,0,0,0,0,3,0,17
3999,0,0,0,0,0,0,0,0,0,0,0,0,0,0,0,0,0,0,0,0,0,3,0,17
4000,0,0,0,0,0,0,0,0,0,0,0,0,0,0,0,0,0,0,0,0,0,3,0,17
4001,0,0,0,0,0,0,0,0,0,0,0,0,0,0,0,0,0,0,0,0,0,3,0,17
4002,0,0,0,0,0,0,0,0,0,0,0,0,0,0,0,0,0,0,0,0,0,3,0,17
4003,0,0,0,0,0,0,0,0,0,0,0,0,0,0,0,0,0,0,0,0,0,3,0,17
4004,0,0,0,0,0,0,0,0,0,0,0,0,0,0,0,0,0,0,0,0,0,3,0,17
4005,0,0,0,0,0,0,0,0,0,0,0,0,0,0,0,0,0,0,0,0,0,3,0,17
4006,0,0,0,0,0,0,0,0,0,0,0,0,0,0,0,0,0,0,0,0,0,3,0,17
4010,0,0,0,0,0,0,0,0,0,0,0,0,0,0,0,0,0,0,0,0,0,3,0,17
4011,0,0,0,0,0,0,0,0,0,0,0,0,0,0,0,0,0,0,0,0,0,3,0,17
4012,0,0,0,0,0,0,0,0,0,0,0,0,0,0,0,0,0,0,0,0,0,3,0,17
4013,0,0,0,0,0,0,0,0,0,0,0,0,0,0,0,0,0,0,0,0,0,3,0,17
4014,0,0,0,0,0,0,0,0,0,0,0,0,0,0,0,0,0,0,0,0,0,3,0,17
4015,0,0,0,0,0,0,0,0,0,0,0,0,0,0,0,0,0,0,0,0,0,3,0,17
4016,0,0,0,0,0,0,0,0,0,0,0,0,0,0,0,0,0,0,0,0,0,3,0,17
4017,0,0,0,0,0,0,0,0,0,0,0,0,0,0,0,0,0,0,0,0,0,3,0,17
4023,0,0,0,0,0,0,0,0,0,0,0,0,0,0,0,0,0,0,0,0,0,3,0,17
4027,0,0,0,0,0,0,0,0,0,0,0,0,0,0,0,0,0,0,0,0,0,3,0,17
4028,0,0,0,0,0,0,0,0,0,0,0,0,0,0,0,0,0,0,0,0,0,3,0,17
4032,0,0,0,0,0,0,0,0,0,0,0,0,0,0,0,0,0,0,0,0,0,3,0,17
4033,0,0,0,0,0,0,0,0,0,0,0,0,0,0,0,0,0,0,0,0,0,3,0,17
4035,0,0,0,0,0,0,0,0,0,0,0,0,0,0,0,0,0,0,0,0,0,3,0,17
4036,0,0,0,0,0,0,0,0,0,0,0,0,0,0,0,0,0,0,0,0,0,3,0,17
4037,0,0,0,0,0,0,0,0,0,0,0,0,0,0,0,0,0,0,0,0,0,3,0,17
4039,0,0,0,0,0,0,0,0,0,0,0,0,0,0,0,0,0,0,0,0,0,3,0,17
4041,0,0,0,0,0,0,0,0,0,0,0,0,0,0,0,0,0,0,0,0,0,3,0,17
4042,0,0,0,0,0,0,0,0,0,0,0,0,0,0,0,0,0,0,0,0,0,3,0,17
4044,0,0,0,0,0,0,0,0,0,0,0,0,0,0,0,0,0,0,0,0,0,3,0,17
4045,0,0,0,0,0,0,0,0,0,0,0,0,0,0,0,0,0,0,0,0,0,3,0,17
4050,0,0,0,0,0,0,0,0,0,0,0,0,0,0,0,0,0,0,0,0,0,3,0,17
4052,0,0,0,0,0,0,0,0,0,0,0,0,0,0,0,0,0,0,0,0,0,3,0,17
4053,0,0,0,0,0,0,0,0,0,0,0,0,0,0,0,0,0,0,0,0,0,3,0,17
4059,0,0,0,0,0,0,0,0,0,0,0,0,0,0,0,0,0,0,0,0,0,3,0,17
4060,0,0,0,0,0,0,0,0,0,0,0,0,0,0,0,0,0,0,0,0,0,3,0,17
4064,0,0,0,0,0,0,0,0,0,0,0,0,0,0,0,0,0,0,0,0,0,3,0,17
4065,0,0,0,0,0,0,0,0,0,0,0,0,0,0,0,0,0,0,0,0,0,3,0,17
4066,0,0,0,0,0,0,0,0,0,0,0,0,0,0,0,0,0,0,0,0,0,3,0,17
4081,0,0,0,0,0,0,0,0,0,0,0,0,0,0,0,0,0,0,0,0,0,3,0,17
4082,0,0,0,0,0,0,0,0,0,0,0,0,0,0,0,0,0,0,0,0,0,3,0,17
4086,0,0,0,0,0,0,0,0,0,0,0,0,0,0,0,0,0,0,0,0,0,3,0,17
4087,0,0,0,0,0,0,0,0,0,0,0,0,0,0,0,0,0,0,0,0,0,3,0,17
4088,0,0,0,0,0,0,0,0,0,0,0,0,0,0,0,0,0,0,0,0,0,3,0,17
4092,0,0,0,0,0,0,0,0,0,0,0,0,0,0,0,0,0,0,0,0,0,3,0,17
4093,0,0,0,0,0,0,0,0,0,0,0,0,0,0,0,0,0,0,0,0,0,3,0,17
4094,0,0,0,0,0,0,0,0,0,0,0,0,0,0,0,0,0,0,0,0,0,3,0,17
4098,0,0,0,0,0,0,0,0,0,0,0,0,0,0,0,0,0,0,0,0,0,3,0,17
4099,0,0,0,0,0,0,0,0,0,0,0,0,0,0,0,0,0,0,0,0,0,3,0,17
4103,0,0,0,0,0,0,0,0,0,0,0,0,0,0,0,0,0,0,0,0,0,3,0,17
4104,0,0,0,0,0,0,0,0,0,0,0,0,0,0,0,0,0,0,0,0,0,3,0,17
4105,0,0,0,0,0,0,0,0,0,0,0,0,0,0,0,0,0,0,0,0,0,3,0,17
4106,0,0,0,0,0,0,0,0,0,0,0,0,0,0,0,0,0,0,0,0,0,3,0,17
4107,0,0,0,0,0,0,0,0,0,0,0,0,0,0,0,0,0,0,0,0,0,3,0,17
4108,0,0,0,0,0,0,0,0,0,0,0,0,0,0,0,0,0,0,0,0,0,3,0,17
4112,0,0,0,0,0,0,0,0,0,0,0,0,0,0,0,0,0,0,0,0,0,3,0,17
4126,0,0,0,0,0,0,0,0,0,0,0,0,0,0,0,0,0,0,0,0,0,3,0,17
4127,0,0,0,0,0,0,0,0,0,0,0,0,0,0,0,0,0,0,0,0,0,3,0,17
4128,0,0,0,0,0,0,0,0,0,0,0,0,0,0,0,0,0,0,0,0,0,3,0,17
4132,0,0,0,0,0,0,0,0,0,0,0,0,0,0,0,0,0,0,0,0,0,3,0,17
4134,0,0,0,0,0,0,0,0,0,0,0,0,0,0,0,0,0,0,0,0,0,3,0,17
4135,0,0,0,0,0,0,0,0,0,0,0,0,0,0,0,0,0,0,0,0,0,3,0,17
4136,0,0,0,0,0,0,0,0,0,0,0,0,0,0,0,0,0,0,0,0,0,3,0,17
4137,0,0,0,0,0,0,0,0,0,0,0,0,0,0,0,0,0,0,0,0,0,3,0,17
4138,0,0,0,0,0,0,0,0,0,0,0,0,0,0,0,0,0,0,0,0,0,3,0,17
4139,0,0,0,0,0,0,0,0,0,0,0,0,0,0,0,0,0,0,0,0,0,3,0,17
4144,0,0,0,0,0,0,0,0,0,0,0,0,0,0,0,0,0,0,0,0,0,3,0,17
4145,0,0,0,0,0,0,0,0,0,0,0,0,0,0,0,0,0,0,0,0,0,3,0,17
4146,0,0,0,0,0,0,0,0,0,0,0,0,0,0,0,0,0,0,0,0,0,3,0,17
4150,0,0,0,0,0,0,0,0,0,0,0,0,0,0,0,0,0,0,0,0,0,3,0,17
4157,0,0,0,0,0,0,0,0,0,0,0,0,0,0,0,0,0,0,0,0,0,3,0,17
4176,0,0,0,0,0,0,0,0,0,0,0,0,0,0,0,0,0,0,0,0,0,3,0,17
4178,0,0,0,0,0,0,0,0,0,0,0,0,0,0,0,0,0,0,0,0,0,3,0,17
4179,0,0,0,0,0,0,0,0,0,0,0,0,0,0,0,0,0,0,0,0,0,3,0,17
4180,0,0,0,0,0,0,0,0,0,0,0,0,0,0,0,0,0,0,0,0,0,3,0,17
4181,0,0,0,0,0,0,0,0,0,0,0,0,0,0,0,0,0,0,0,0,0,3,0,17
4182,0,0,0,0,0,0,0,0,0,0,0,0,0,0,0,0,0,0,0,0,0,3,0,17
4522,0,0,0,0,0,1,1,1,1,0,1,1,1,1,1,1,1,1,1,1,0,3,14,3
4523,0,0,0,0,0,1,1,1,1,0,1,1,1,1,1,1,1,1,1,1,0,3,14,3
4524,0,0,0,0,0,1,1,1,1,0,1,1,1,1,1,1,1,1,1,1,0,3,14,3
4526,0,0,0,0,0,1,1,1,1,0,1,1,1,1,1,1,1,1,1,1,0,3,14,3
4529,0,0,0,0,0,1,1,1,1,0,1,1,1,1,1,1,1,1,1,1,0,3,14,3
4530,0,0,0,0,0,1,1,1,1,0,1,1,1,1,1,1,1,1,1,1,0,3,14,3
4531,0,0,0,0,0,1,1,1,1,0,1,1,1,1,1,1,1,1,1,1,0,3,14,3
4532,0,0,0,0,0,1,1,1,1,0,1,1,1,1,1,1,1,1,1,1,0,3,14,3
4533,0,0,0,0,0,1,1,1,1,0,1,1,1,1,1,1,1,1,1,1,0,3,14,3
4541,0,0,0,0,0,1,1,1,1,0,1,1,1,1,1,1,1,1,1,1,0,3,14,3
4544,0,0,0,0,0,1,1,1,1,0,1,1,1,1,1,1,1,1,1,1,0,3,14,3
4545,0,0,0,0,0,1,1,1,1,0,1,1,1,1,1,1,1,1,1,1,0,3,14,3
4546,0,0,0,0,0,1,1,1,1,0,1,1,1,1,1,1,1,1,1,1,0,3,14,3
4547,0,0,0,0,0,1,1,1,1,0,1,1,1,1,1,1,1,1,1,1,0,3,14,3
4548,0,0,0,0,0,1,1,1,1,0,1,1,1,1,1,1,1,1,1,1,0,3,14,3
4552,0,0,0,0,0,1,1,1,1,0,1,1,1,1,1,1,1,1,1,1,0,3,14,3
4553,0,0,0,0,0,1,1,1,1,0,1,1,1,1,1,1,1,1,1,1,0,3,14,3
4554,0,0,0,0,0,1,1,1,1,0,1,1,1,1,1,1,1,1,1,1,0,3,14,3
4555,0,0,0,0,0,1,1,1,1,0,1,1,1,1,1,1,1,1,1,1,0,3,14,3
4556,0,0,0,0,0,1,1,1,1,0,1,1,1,1,1,1,1,1,1,1,0,3,14,3
4562,0,0,0,0,0,1,1,1,1,0,1,1,1,1,1,1,1,1,1,1,0,3,14,3
4563,0,0,0,0,0,1,1,1,1,0,1,1,1,1,1,1,1,1,1,1,0,3,14,3
4564,0,0,0,0,0,1,1,1,1,0,1,1,1,1,1,1,1,1,1,1,0,3,14,3
4565,0,0,0,0,0,1,1,1,1,0,1,1,1,1,1,1,1,1,1,1,0,3,14,3
4566,0,0,0,0,0,1,1,1,1,0,1,1,1,1,1,1,1,1,1,1,0,3,14,3
4567,0,0,0,0,0,1,1,1,1,0,1,1,1,1,1,1,1,1,1,1,0,3,14,3
4572,0,0,0,0,0,1,1,1,1,0,1,1,1,1,1,1,1,1,1,1,0,3,14,3
4575,0,0,0,0,0,1,1,1,1,0,1,1,1,1,1,1,1,1,1,1,0,3,14,3
4576,0,0,0,0,0,1,1,1,1,0,1,1,1,1,1,1,1,1,1,1,0,3,14,3
4577,0,0,0,0,0,1,1,1,1,0,1,1,1,1,1,1,1,1,1,1,0,3,14,3
4581,0,0,0,0,0,1,1,1,1,0,1,1,1,1,1,1,1,1,1,1,0,3,14,3
4592,0,0,0,0,0,1,1,1,1,0,1,1,1,1,1,1,1,1,1,1,0,3,14,3
4593,0,0,0,0,0,1,1,1,1,0,1,1,1,1,1,1,1,1,1,1,0,3,14,3
4594,0,0,0,0,0,1,1,1,1,0,1,1,1,1,1,1,1,1,1,1,0,3,14,3
4596,0,0,0,0,0,1,1,1,1,0,1,1,1,1,1,1,1,1,1,1,0,3,14,3
4597,0,0,0,0,0,1,1,1,1,0,1,1,1,1,1,1,1,1,1,1,0,3,14,3
4598,0,0,0,0,0,1,1,1,1,0,1,1,1,1,1,1,1,1,1,1,0,3,14,3
4599,0,0,0,0,0,1,1,1,1,0,1,1,1,1,1,1,1,1,1,1,0,3,14,3
4635,0,0,0,0,0,1,1,1,1,0,1,1,1,1,1,1,1,1,1,1,0,3,14,3
4636,0,0,0,0,0,1,1,1,1,0,1,1,1,1,1,1,1,1,1,1,0,3,14,3
4637,0,0,0,0,0,1,1,1,1,0,1,1,1,1,1,1,1,1,1,1,0,3,14,3
4639,0,0,0,0,0,1,1,1,1,0,1,1,1,1,1,1,1,1,1,1,0,3,14,3
4642,0,0,0,0,0,1,1,1,1,0,1,1,1,1,1,1,1,1,1,1,0,3,14,3
4645,0,0,0,0,0,1,1,1,1,0,1,1,1,1,1,1,1,1,1,1,0,3,14,3
4648,0,0,0,0,0,1,1,1,1,0,1,1,1,1,1,1,1,1,1,1,0,3,14,3
4650,0,0,0,0,0,1,1,1,1,0,1,1,1,1,1,1,1,1,1,1,0,3,14,3
4666,0,0,0,0,0,1,1,1,1,0,1,1,1,1,1,1,1,1,1,1,0,3,14,3
4667,0,0,0,0,0,1,1,1,1,0,1,1,1,1,1,1,1,1,1,1,0,3,14,3
4668,0,0,0,0,0,1,1,1,1,0,1,1,1,1,1,1,1,1,1,1,0,3,14,3
4669,0,0,0,0,0,1,1,1,1,0,1,1,1,1,1,1,1,1,1,1,0,3,14,3
4670,0,0,0,0,0,1,1,1,1,0,1,1,1,1,1,1,1,1,1,1,0,3,14,3
4671,0,0,0,0,0,1,1,1,1,0,1,1,1,1,1,1,1,1,1,1,0,3,14,3
4677,0,0,0,0,0,1,1,1,1,0,1,1,1,1,1,1,1,1,1,1,0,3,14,3
4679,0,0,0,0,0,1,1,1,1,0,1,1,1,1,1,1,1,1,1,1,0,3,14,3
4684,0,0,0,0,0,1,1,1,1,0,1,1,1,1,1,1,1,1,1,1,0,3,14,3
4686,0,0,0,0,0,1,1,1,1,0,1,1,1,1,1,1,1,1,1,1,0,3,14,3
4687,0,0,0,0,0,1,1,1,1,0,1,1,1,1,1,1,1,1,1,1,0,3,14,3
4688,0,0,0,0,0,1,1,1,1,0,1,1,1,1,1,1,1,1,1,1,0,3,14,3
4689,0,0,0,0,0,1,1,1,1,0,1,1,1,1,1,1,1,1,1,1,0,3,14,3
4690,0,0,0,0,0,1,1,1,1,0,1,1,1,1,1,1,1,1,1,1,0,3,14,3
4693,0,0,0,0,0,1,1,1,1,0,1,1,1,1,1,1,1,1,1,1,0,3,14,3
4695,0,0,0,0,0,1,1,1,1,0,1,1,1,1,1,1,1,1,1,1,0,3,14,3
4696,0,0,0,0,0,1,1,1,1,0,1,1,1,1,1,1,1,1,1,1,0,3,14,3
4697,0,0,0,0,0,1,1,1,1,0,1,1,1,1,1,1,1,1,1,1,0,3,14,3
4698,0,0,0,0,0,1,1,1,1,0,1,1,1,1,1,1,1,1,1,1,0,3,14,3
4699,0,0,0,0,0,1,1,1,1,0,1,1,1,1,1,1,1,1,1,1,0,3,14,3
4700,0,0,0,0,0,1,1,1,1,0,1,1,1,1,1,1,1,1,1,1,0,3,14,3
4702,0,0,0,0,0,1,1,1,1,0,1,1,1,1,1,1,1,1,1,1,0,3,14,3
4709,0,0,0,0,0,0,0,0,0,0,0,0,0,0,0,0,0,0,0,0,0,3,0,17
4710,0,0,0,0,0,0,0,0,0,0,0,0,0,0,0,0,0,0,0,0,0,3,0,17
4711,0,0,0,0,0,0,0,0,0,0,0,0,0,0,0,0,0,0,0,0,0,3,0,17
4712,0,0,0,0,0,0,0,0,0,0,0,0,0,0,0,0,0,0,0,0,0,3,0,17
4713,0,0,0,0,0,0,0,0,0,0,0,0,0,0,0,0,0,0,0,0,0,3,0,17
4717,0,0,0,0,0,0,0,0,0,0,0,0,0,0,0,0,0,0,0,0,0,3,0,17
4718,0,0,0,0,0,0,0,0,0,0,0,0,0,0,0,0,0,0,0,0,0,3,0,17
4725,0,0,0,0,0,0,0,0,0,0,0,0,0,0,0,0,0,0,0,0,0,3,0,17
4726,0,0,0,0,0,0,0,0,0,0,0,0,0,0,0,0,0,0,0,0,0,3,0,17
4727,0,0,0,0,0,0,0,0,0,0,0,0,0,0,0,0,0,0,0,0,0,3,0,17
4728,0,0,0,0,0,0,0,0,0,0,0,0,0,0,0,0,0,0,0,0,0,3,0,17
4729,0,0,0,0,0,0,0,0,0,0,0,0,0,0,0,0,0,0,0,0,0,3,0,17
4730,0,0,0,0,0,0,0,0,0,0,0,0,0,0,0,0,0,0,0,0,0,3,0,17
4732,0,0,0,0,0,0,0,0,0,0,0,0,0,0,0,0,0,0,0,0,0,3,0,17
4733,0,0,0,0,0,0,0,0,0,0,0,0,0,0,0,0,0,0,0,0,0,3,0,17
4735,0,0,0,0,0,0,0,0,0,0,0,0,0,0,0,0,0,0,0,0,0,3,0,17
4753,0,0,0,0,0,1,1,1,1,0,1,1,1,1,1,1,1,1,1,1,0,3,14,3
4760,0,0,0,0,0,1,1,1,1,0,1,1,1,1,1,1,1,1,1,1,0,3,14,3
4761,0,0,0,0,0,1,1,1,1,0,1,1,1,1,1,1,1,1,1,1,0,3,14,3
4770,0,0,0,0,0,1,1,1,1,0,1,1,1,1,1,1,1,1,1,1,0,3,14,3
4771,0,0,0,0,0,1,1,1,1,0,1,1,1,1,1,1,1,1,1,1,0,3,14,3
4772,0,0,0,0,0,1,1,1,1,0,1,1,1,1,1,1,1,1,1,1,0,3,14,3
4774,0,0,0,0,0,1,1,1,1,0,1,1,1,1,1,1,1,1,1,1,0,3,14,3
4792,0,0,0,0,0,1,1,1,1,0,1,1,1,1,1,1,1,1,1,1,0,3,14,3
4793,0,0,0,0,0,1,1,1,1,0,1,1,1,1,1,1,1,1,1,1,0,3,14,3
4794,0,0,0,0,0,1,1,1,1,0,1,1,1,1,1,1,1,1,1,1,0,3,14,3
4796,0,0,0,0,0,1,1,1,1,0,1,1,1,1,1,1,1,1,1,1,0,3,14,3
4797,0,0,0,0,0,1,1,1,1,0,1,1,1,1,1,1,1,1,1,1,0,3,14,3
4803,0,0,0,0,0,1,1,1,1,0,1,1,1,1,1,1,1,1,1,1,0,3,14,3
4805,0,0,0,0,0,1,1,1,1,0,1,1,1,1,1,1,1,1,1,1,0,3,14,3
4806,0,0,0,0,0,1,1,1,1,0,1,1,1,1,1,1,1,1,1,1,0,3,14,3
4807,0,0,0,0,0,1,1,1,1,0,1,1,1,1,1,1,1,1,1,1,0,3,14,3
4808,0,0,0,0,0,1,1,1,1,0,1,1,1,1,1,1,1,1,1,1,0,3,14,3
4810,0,0,0,0,0,1,1,1,1,0,1,1,1,1,1,1,1,1,1,1,0,3,14,3
4819,0,0,0,0,0,1,1,1,1,0,1,1,1,1,1,1,1,1,1,1,0,3,14,3
4820,0,0,0,0,0,0,0,0,0,0,0,0,0,0,0,0,0,0,0,0,0,3,0,17
4821,0,0,0,0,0,0,0,0,0,0,0,0,0,0,0,0,0,0,0,0,0,3,0,17
4822,0,0,0,0,0,0,0,0,0,0,0,0,0,0,0,0,0,0,0,0,0,3,0,17
4823,0,0,0,0,0,0,0,0,0,0,0,0,0,0,0,0,0,0,0,0,0,3,0,17
4826,0,0,0,0,0,1,1,1,1,0,1,1,1,1,1,1,1,1,1,1,0,3,14,3
4831,0,0,0,0,0,1,1,1,1,0,1,1,1,1,1,1,1,1,1,1,0,3,14,3
4837,0,0,0,0,0,1,1,1,1,0,1,1,1,1,1,1,1,1,1,1,0,3,14,3
4838,0,0,0,0,0,1,1,1,1,0,1,1,1,1,1,1,1,1,1,1,0,3,14,3
4840,0,0,0,0,0,1,1,1,1,0,1,1,1,1,1,1,1,1,1,1,0,3,14,3
4841,0,0,0,0,0,1,1,1,1,0,1,1,1,1,1,1,1,1,1,1,0,3,14,3
4844,0,0,0,0,0,1,1,1,1,0,1,1,1,1,1,1,1,1,1,1,0,3,14,3
4845,0,0,0,0,0,1,1,1,1,0,1,1,1,1,1,1,1,1,1,1,0,3,14,3
4846,0,0,0,0,0,1,1,1,1,0,1,1,1,1,1,1,1,1,1,1,0,3,14,3
4854,0,0,0,0,0,1,1,1,1,0,1,1,1,1,1,1,1,1,1,1,0,3,14,3
4855,0,0,0,0,0,1,1,1,1,0,1,1,1,1,1,1,1,1,1,1,0,3,14,3
4857,0,0,0,0,0,1,1,1,1,0,1,1,1,1,1,1,1,1,1,1,0,3,14,3
4859,0,0,0,0,0,1,1,1,1,0,1,1,1,1,1,1,1,1,1,1,0,3,14,3
4864,0,0,0,0,0,1,1,1,1,0,1,1,1,1,1,1,1,1,1,1,0,3,14,3
4867,0,0,0,0,0,1,1,1,1,0,1,1,1,1,1,1,1,1,1,1,0,3,14,3
4881,0,0,0,0,0,1,1,1,1,0,1,1,1,1,1,1,1,1,1,1,0,3,14,3
4883,0,0,0,0,0,1,1,1,1,0,1,1,1,1,1,1,1,1,1,1,0,3,14,3
4884,0,0,0,0,0,1,1,1,1,0,1,1,1,1,1,1,1,1,1,1,0,3,14,3
4885,0,0,0,0,0,1,1,1,1,0,1,1,1,1,1,1,1,1,1,1,0,3,14,3
4886,0,0,0,0,0,1,1,1,1,0,1,1,1,1,1,1,1,1,1,1,0,3,14,3
4888,0,0,0,0,0,1,1,1,1,0,1,1,1,1,1,1,1,1,1,1,0,3,14,3
4889,0,0,0,0,0,1,1,1,1,0,1,1,1,1,1,1,1,1,1,1,0,3,14,3
4891,0,0,0,0,0,1,1,1,1,0,1,1,1,1,1,1,1,1,1,1,0,3,14,3
4892,0,0,0,0,0,1,1,1,1,0,1,1,1,1,1,1,1,1,1,1,0,3,14,3
4893,0,0,0,0,0,1,1,1,1,0,1,1,1,1,1,1,1,1,1,1,0,3,14,3
4898,0,0,0,0,0,1,1,1,1,0,1,1,1,1,1,1,1,1,1,1,0,3,14,3
4900,0,0,0,0,0,1,1,1,1,0,1,1,1,1,1,1,1,1,1,1,0,3,14,3
4901,0,0,0,0,0,1,1,1,1,0,1,1,1,1,1,1,1,1,1,1,0,3,14,3
4902,0,0,0,0,0,1,1,1,1,0,1,1,1,1,1,1,1,1,1,1,0,3,14,3
4903,0,0,0,0,0,1,1,1,1,0,1,1,1,1,1,1,1,1,1,1,0,3,14,3
4904,0,0,0,0,0,1,1,1,1,0,1,1,1,1,1,1,1,1,1,1,0,3,14,3
4905,0,0,0,0,0,1,1,1,1,0,1,1,1,1,1,1,1,1,1,1,0,3,14,3
4907,0,0,0,0,0,1,1,1,1,0,1,1,1,1,1,1,1,1,1,1,0,3,14,3
4909,0,0,0,0,0,1,1,1,1,0,1,1,1,1,1,1,1,1,1,1,0,3,14,3
4910,0,0,0,0,0,1,1,1,1,0,1,1,1,1,1,1,1,1,1,1,0,3,14,3
4911,0,0,0,0,0,1,1,1,1,0,1,1,1,1,1,1,1,1,1,1,0,3,14,3
4912,0,0,0,0,0,1,1,1,1,0,1,1,1,1,1,1,1,1,1,1,0,3,14,3
4913,0,0,0,0,0,1,1,1,1,0,1,1,1,1,1,1,1,1,1,1,0,3,14,3
4915,0,0,0,0,0,1,1,1,1,0,1,1,1,1,1,1,1,1,1,1,0,3,14,3
4929,0,0,0,0,0,1,1,1,1,0,1,1,1,1,1,1,1,1,1,1,0,3,14,3
4931,0,0,0,0,0,1,1,1,1,0,1,1,1,1,1,1,1,1,1,1,0,3,14,3
4932,0,0,0,0,0,1,1,1,1,0,1,1,1,1,1,1,1,1,1,1,0,3,14,3
4933,0,0,0,0,0,1,1,1,1,0,1,1,1,1,1,1,1,1,1,1,0,3,14,3
4934,0,0,0,0,0,1,1,1,1,0,1,1,1,1,1,1,1,1,1,1,0,3,14,3
4937,0,0,0,0,0,1,1,1,1,0,1,1,1,1,1,1,1,1,1,1,0,3,14,3
4939,0,0,0,0,0,1,1,1,1,0,1,1,1,1,1,1,1,1,1,1,0,3,14,3
4940,0,0,0,0,0,1,1,1,1,0,1,1,1,1,1,1,1,1,1,1,0,3,14,3
4941,0,0,0,0,0,1,1,1,1,0,1,1,1,1,1,1,1,1,1,1,0,3,14,3
4943,0,0,0,0,0,1,1,1,1,0,1,1,1,1,1,1,1,1,1,1,0,3,14,3
4944,0,0,0,0,0,1,1,1,1,0,1,1,1,1,1,1,1,1,1,1,0,3,14,3
4946,0,0,0,0,0,1,1,1,1,0,1,1,1,1,1,1,1,1,1,1,0,3,14,3
4947,0,0,0,0,0,1,1,1,1,0,1,1,1,1,1,1,1,1,1,1,0,3,14,3
4948,0,0,0,0,0,1,1,1,1,0,1,1,1,1,1,1,1,1,1,1,0,3,14,3
4951,0,0,0,0,0,1,1,1,1,0,1,1,1,1,1,1,1,1,1,1,0,3,14,3
4953,0,0,0,0,0,1,1,1,1,0,1,1,1,1,1,1,1,1,1,1,0,3,14,3
4954,0,0,0,0,0,1,1,1,1,0,1,1,1,1,1,1,1,1,1,1,0,3,14,3
4957,0,0,0,0,0,1,1,1,1,0,1,1,1,1,1,1,1,1,1,1,0,3,14,3
4959,0,0,0,0,0,1,1,1,1,0,1,1,1,1,1,1,1,1,1,1,0,3,14,3
4960,0,0,0,0,0,1,1,1,1,0,1,1,1,1,1,1,1,1,1,1,0,3,14,3
4961,0,0,0,0,0,1,1,1,1,0,1,1,1,1,1,1,1,1,1,1,0,3,14,3
4962,0,0,0,0,0,1,1,1,1,0,1,1,1,1,1,1,1,1,1,1,0,3,14,3
4963,0,0,0,0,0,1,1,1,1,0,1,1,1,1,1,1,1,1,1,1,0,3,14,3
4965,0,0,0,0,0,1,1,1,1,0,1,1,1,1,1,1,1,1,1,1,0,3,14,3
4979,0,0,0,0,0,1,1,1,1,0,1,1,1,1,1,1,1,1,1,1,0,3,14,3
4980,0,0,0,0,0,1,1,1,1,0,1,1,1,1,1,1,1,1,1,1,0,3,14,3
4983,0,0,0,0,0,1,1,1,1,0,1,1,1,1,1,1,1,1,1,1,0,3,14,3
4992,0,0,0,0,0,1,1,1,1,0,1,1,1,1,1,1,1,1,1,1,0,3,14,3
4993,0,0,0,0,0,1,1,1,1,0,1,1,1,1,1,1,1,1,1,1,0,3,14,3
4996,0,0,0,0,0,1,1,1,1,0,1,1,1,1,1,1,1,1,1,1,0,3,14,3
4999,0,0,0,0,0,1,1,1,1,0,1,1,1,1,1,1,1,1,1,1,0,3,14,3
5016,0,0,0,0,0,1,1,1,1,0,1,1,1,1,1,1,1,1,1,1,0,3,14,3
5017,0,0,0,0,0,1,1,1,1,0,1,1,1,1,1,1,1,1,1,1,0,3,14,3
5018,0,0,0,0,0,1,1,1,1,0,1,1,1,1,1,1,1,1,1,1,0,3,14,3
5019,0,0,0,0,0,1,1,1,1,0,1,1,1,1,1,1,1,1,1,1,0,3,14,3
5021,0,0,0,0,0,1,1,1,1,0,1,1,1,1,1,1,1,1,1,1,0,3,14,3
5025,0,0,0,0,0,1,1,1,1,0,1,1,1,1,1,1,1,1,1,1,0,3,14,3
5028,0,0,0,0,0,1,1,1,1,0,1,1,1,1,1,1,1,1,1,1,0,3,14,3
5045,0,0,0,0,0,1,1,1,1,0,1,1,1,1,1,1,1,1,1,1,0,3,14,3
5048,0,0,0,0,0,1,1,1,1,0,1,1,1,1,1,1,1,1,1,1,0,3,14,3
5051,0,0,0,0,0,1,1,1,1,0,1,1,1,1,1,1,1,1,1,1,0,3,14,3
5054,0,0,0,0,0,1,1,1,1,0,1,1,1,1,1,1,1,1,1,1,0,3,14,3
5063,0,0,0,0,0,1,1,1,1,0,1,1,1,1,1,1,1,1,1,1,0,3,14,3
5066,0,0,0,0,0,1,1,1,1,0,1,1,1,1,1,1,1,1,1,1,0,3,14,3
5067,0,0,0,0,0,1,1,1,1,0,1,1,1,1,1,1,1,1,1,1,0,3,14,3
5068,0,0,0,0,0,1,1,1,1,0,1,1,1,1,1,1,1,1,1,1,0,3,14,3
5074,0,0,0,0,0,1,1,1,1,0,1,1,1,1,1,1,1,1,1,1,0,3,14,3
5095,0,0,0,0,0,1,1,1,1,0,1,1,1,1,1,1,1,1,1,1,0,3,14,3
5104,0,0,0,0,0,0,0,0,0,0,0,0,0,0,0,0,0,0,0,0,0,3,0,17
5105,0,0,0,0,0,0,0,0,0,0,0,0,0,0,0,0,0,0,0,0,0,3,0,17
5106,0,0,0,0,0,0,0,0,0,0,0,0,0,0,0,0,0,0,0,0,0,3,0,17
5108,0,0,0,0,0,0,0,0,0,0,0,0,0,0,0,0,0,0,0,0,0,3,0,17
5113,0,0,0,0,0,1,1,1,1,0,1,1,1,1,1,1,1,1,1,1,0,3,14,3
5115,0,0,0,0,0,0,0,0,0,0,0,0,0,0,0,0,0,0,0,0,0,3,0,17
5116,0,0,0,0,0,0,0,0,0,0,0,0,0,0,0,0,0,0,0,0,0,3,0,17
5117,0,0,0,0,0,0,0,0,0,0,0,0,0,0,0,0,0,0,0,0,0,3,0,17
5119,0,0,0,0,0,1,1,1,1,0,1,1,1,1,1,1,1,1,1,1,0,3,14,3
5120,0,0,0,0,0,1,1,1,1,0,1,1,1,1,1,1,1,1,1,1,0,3,14,3
5121,0,0,0,0,0,1,1,1,1,0,1,1,1,1,1,1,1,1,1,1,0,3,14,3
5122,0,0,0,0,0,1,1,1,1,0,1,1,1,1,1,1,1,1,1,1,0,3,14,3
5125,0,0,0,0,0,1,1,1,1,0,1,1,1,1,1,1,1,1,1,1,0,3,14,3
5127,0,0,0,0,0,1,1,1,1,0,1,1,1,1,1,1,1,1,1,1,0,3,14,3
5129,0,0,0,0,0,1,1,1,1,0,1,1,1,1,1,1,1,1,1,1,0,3,14,3
5130,0,0,0,0,0,1,1,1,1,0,1,1,1,1,1,1,1,1,1,1,0,3,14,3
5135,0,0,0,0,0,1,1,1,1,0,1,1,1,1,1,1,1,1,1,1,0,3,14,3
5146,0,0,0,0,0,1,1,1,1,0,1,1,1,1,1,1,1,1,1,1,0,3,14,3
5147,0,0,0,0,0,1,1,1,1,0,1,1,1,1,1,1,1,1,1,1,0,3,14,3
5149,0,0,0,0,0,1,1,1,1,0,1,1,1,1,1,1,1,1,1,1,0,3,14,3
5152,0,0,0,0,0,1,1,1,1,0,1,1,1,1,1,1,1,1,1,1,0,3,14,3
5157,0,0,0,0,0,1,1,1,1,0,1,1,1,1,1,1,1,1,1,1,0,3,14,3
5158,0,0,0,0,0,1,1,1,1,0,1,1,1,1,1,1,1,1,1,1,0,3,14,3
5160,0,0,0,0,0,1,1,1,1,0,1,1,1,1,1,1,1,1,1,1,0,3,14,3
5164,0,0,0,0,0,1,1,1,1,0,1,1,1,1,1,1,1,1,1,1,0,3,14,3
5167,0,0,0,0,0,1,1,1,1,0,1,1,1,1,1,1,1,1,1,1,0,3,14,3
5170,0,0,0,0,0,1,1,1,1,0,1,1,1,1,1,1,1,1,1,1,0,3,14,3
5171,0,0,0,0,0,1,1,1,1,0,1,1,1,1,1,1,1,1,1,1,0,3,14,3
5172,0,0,0,0,0,1,1,1,1,0,1,1,1,1,1,1,1,1,1,1,0,3,14,3
5175,0,0,0,0,0,1,1,1,1,0,1,1,1,1,1,1,1,1,1,1,0,3,14,3
5177,0,0,0,0,0,1,0,0,1,0,0,1,1,1,1,1,1,1,1,0,0,3,10,7
5178,0,0,0,0,0,1,0,0,1,0,0,1,1,1,1,1,1,1,1,0,0,3,10,7
5180,0,0,0,0,0,1,0,0,1,0,0,1,1,1,1,1,1,1,1,0,0,3,10,7
5181,0,0,0,0,0,1,0,0,1,0,0,1,1,1,1,1,1,1,1,0,0,3,10,7
5183,0,0,0,0,0,1,0,0,1,0,0,1,1,1,1,1,1,1,1,0,0,3,10,7
5187,0,0,0,0,0,1,0,0,1,0,0,1,1,1,1,1,1,1,1,0,0,3,10,7
5189,0,0,0,0,0,1,1,1,1,0,1,1,1,1,1,1,1,1,1,1,0,3,14,3
5205,0,0,0,0,0,1,1,1,1,0,1,1,1,1,1,1,1,1,1,1,0,3,14,3
5206,0,0,0,0,0,1,1,1,1,0,1,1,1,1,1,1,1,1,1,1,0,3,14,3
5207,0,0,0,0,0,1,1,1,1,0,1,1,1,1,1,1,1,1,1,1,0,3,14,3
5208,0,0,0,0,0,1,1,1,1,0,1,1,1,1,1,1,1,1,1,1,0,3,14,3
5212,0,0,0,0,0,1,1,1,1,0,1,1,1,1,1,1,1,1,1,1,0,3,14,3
5213,0,0,0,0,0,1,1,1,1,0,1,1,1,1,1,1,1,1,1,1,0,3,14,3
5214,0,0,0,0,0,1,1,1,1,0,1,1,1,1,1,1,1,1,1,1,0,3,14,3
5215,0,0,0,0,0,1,1,1,1,0,1,1,1,1,1,1,1,1,1,1,0,3,14,3
5216,0,0,0,0,0,1,1,1,1,0,1,1,1,1,1,1,1,1,1,1,0,3,14,3
5220,0,0,0,0,0,1,1,1,1,0,1,1,1,1,1,1,1,1,1,1,0,3,14,3
5221,0,0,0,0,0,1,1,1,1,0,1,1,1,1,1,1,1,1,1,1,0,3,14,3
5222,0,0,0,0,0,1,1,1,1,0,1,1,1,1,1,1,1,1,1,1,0,3,14,3
5223,0,0,0,0,0,1,1,1,1,0,1,1,1,1,1,1,1,1,1,1,0,3,14,3
5224,0,0,0,0,0,1,1,1,1,0,1,1,1,1,1,1,1,1,1,1,0,3,14,3
5225,0,0,0,0,0,1,1,1,1,0,1,1,1,1,1,1,1,1,1,1,0,3,14,3
5227,0,0,0,0,0,1,1,1,1,0,1,1,1,1,1,1,1,1,1,1,0,3,14,3
5229,0,0,0,0,0,1,1,1,1,0,1,1,1,1,1,1,1,1,1,1,0,3,14,3
5232,0,0,0,0,0,1,1,1,1,0,1,1,1,1,1,1,1,1,1,1,0,3,14,3
5233,0,0,0,0,0,1,1,1,1,0,1,1,1,1,1,1,1,1,1,1,0,3,14,3
5234,0,0,0,0,0,1,1,1,1,0,1,1,1,1,1,1,1,1,1,1,0,3,14,3
5235,0,0,0,0,0,1,1,1,1,0,1,1,1,1,1,1,1,1,1,1,0,3,14,3
5236,0,0,0,0,0,1,1,1,1,0,1,1,1,1,1,1,1,1,1,1,0,3,14,3
5239,0,0,0,0,0,1,1,1,1,0,1,1,1,1,1,1,1,1,1,1,0,3,14,3
5240,0,0,0,0,0,1,1,1,1,0,1,1,1,1,1,1,1,1,1,1,0,3,14,3
5244,0,0,0,0,0,1,1,1,1,0,1,1,1,1,1,1,1,1,1,1,0,3,14,3
5256,0,0,0,0,0,0,0,0,0,0,0,0,0,0,0,0,0,0,0,0,0,3,0,17
5257,0,0,0,0,0,0,0,0,0,0,0,0,0,0,0,0,0,0,0,0,0,3,0,17
5258,0,0,0,0,0,0,0,0,0,0,0,0,0,0,0,0,0,0,0,0,0,3,0,17
5259,0,0,0,0,0,0,0,0,0,0,0,0,0,0,0,0,0,0,0,0,0,3,0,17
5260,0,0,0,0,0,0,0,0,0,0,0,0,0,0,0,0,0,0,0,0,0,3,0,17
5261,0,0,0,0,0,0,0,0,0,0,0,0,0,0,0,0,0,0,0,0,0,3,0,17
5262,0,0,0,0,0,0,0,0,0,0,0,0,0,0,0,0,0,0,0,0,0,3,0,17
5476,0,0,0,0,0,0,0,0,0,0,0,0,0,0,0,0,0,0,0,0,0,3,0,17
5477,0,0,0,0,0,0,0,0,0,0,0,0,0,0,0,0,0,0,0,0,0,3,0,17
5478,0,0,0,0,0,0,0,0,0,0,0,0,0,0,0,0,0,0,0,0,0,3,0,17
5479,0,0,0,0,0,0,0,0,0,0,0,0,0,0,0,0,0,0,0,0,0,3,0,17
5482,0,0,0,0,0,0,0,0,0,0,0,0,0,0,0,0,0,0,0,0,0,3,0,17
5483,0,0,0,0,0,0,0,0,0,0,0,0,0,0,0,0,0,0,0,0,0,3,0,17
5485,0,0,0,0,0,0,0,0,0,0,0,0,0,0,0,0,0,0,0,0,0,3,0,17
5486,0,0,0,0,0,0,0,0,0,0,0,0,0,0,0,0,0,0,0,0,0,3,0,17
5489,0,0,0,0,0,0,0,0,0,0,0,0,0,0,0,0,0,0,0,0,0,3,0,17
5490,0,0,0,0,0,0,0,0,0,0,0,0,0,0,0,0,0,0,0,0,0,3,0,17
5492,0,0,0,0,0,0,0,0,0,0,0,0,0,0,0,0,0,0,0,0,0,3,0,17
5493,0,0,0,0,0,0,0,0,0,0,0,0,0,0,0,0,0,0,0,0,0,3,0,17
5494,0,0,0,0,0,0,0,0,0,0,0,0,0,0,0,0,0,0,0,0,0,3,0,17
5495,0,0,0,0,0,0,0,0,0,0,0,0,0,0,0,0,0,0,0,0,0,3,0,17
5496,0,0,0,0,0,0,0,0,0,0,0,0,0,0,0,0,0,0,0,0,0,3,0,17
5497,0,0,0,0,0,0,0,0,0,0,0,0,0,0,0,0,0,0,0,0,0,3,0,17
5498,0,0,0,0,0,0,0,0,0,0,0,0,0,0,0,0,0,0,0,0,0,3,0,17
5500,0,0,0,0,0,0,0,0,0,0,0,0,0,0,0,0,0,0,0,0,0,3,0,17
5502,0,0,0,0,0,0,0,0,0,0,0,0,0,0,0,0,0,0,0,0,0,3,0,17
5504,0,0,0,0,0,0,0,0,0,0,0,0,0,0,0,0,0,0,0,0,0,3,0,17
5505,0,0,0,0,0,0,0,0,0,0,0,0,0,0,0,0,0,0,0,0,0,3,0,17
5512,0,0,0,0,0,0,0,0,0,0,0,0,0,0,0,0,0,0,0,0,0,3,0,17
5513,0,0,0,0,0,0,0,0,0,0,0,0,0,0,0,0,0,0,0,0,0,3,0,17
5515,0,0,0,0,0,0,0,0,0,0,0,0,0,0,0,0,0,0,0,0,0,3,0,17
5516,0,0,0,0,0,0,0,0,0,0,0,0,0,0,0,0,0,0,0,0,0,3,0,17
5518,0,0,0,0,0,0,0,0,0,0,0,0,0,0,0,0,0,0,0,0,0,3,0,17
5519,0,0,0,0,0,0,0,0,0,0,0,0,0,0,0,0,0,0,0,0,0,3,0,17
5521,0,0,0,0,0,0,0,0,0,0,0,0,0,0,0,0,0,0,0,0,0,3,0,17
5522,0,0,0,0,0,0,0,0,0,0,0,0,0,0,0,0,0,0,0,0,0,3,0,17
5523,0,0,0,0,0,0,0,0,0,0,0,0,0,0,0,0,0,0,0,0,0,3,0,17
5525,0,0,0,0,0,0,0,0,0,0,0,0,0,0,0,0,0,0,0,0,0,3,0,17
5526,0,0,0,0,0,0,0,0,0,0,0,0,0,0,0,0,0,0,0,0,0,3,0,17
5528,0,0,0,0,0,0,0,0,0,0,0,0,0,0,0,0,0,0,0,0,0,3,0,17
5531,0,0,0,0,0,0,0,0,0,0,0,0,0,0,0,0,0,0,0,0,0,3,0,17
5532,0,0,0,0,0,0,0,0,0,0,0,0,0,0,0,0,0,0,0,0,0,3,0,17
5533,0,0,0,0,0,0,0,0,0,0,0,0,0,0,0,0,0,0,0,0,0,3,0,17
5535,0,0,0,0,0,0,0,0,0,0,0,0,0,0,0,0,0,0,0,0,0,3,0,17
5536,0,0,0,0,0,0,0,0,0,0,0,0,0,0,0,0,0,0,0,0,0,3,0,17
5537,0,0,0,0,0,0,0,0,0,0,0,0,0,0,0,0,0,0,0,0,0,3,0,17
5539,0,0,0,0,0,0,0,0,0,0,0,0,0,0,0,0,0,0,0,0,0,3,0,17
5541,0,0,0,0,0,0,0,0,0,0,0,0,0,0,0,0,0,0,0,0,0,3,0,17
5542,0,0,0,0,0,0,0,0,0,0,0,0,0,0,0,0,0,0,0,0,0,3,0,17
5544,0,0,0,0,0,0,0,0,0,0,0,0,0,0,0,0,0,0,0,0,0,3,0,17
5546,0,0,0,0,0,0,0,0,0,0,0,0,0,0,0,0,0,0,0,0,0,3,0,17
5547,0,0,0,0,0,0,0,0,0,0,0,0,0,0,0,0,0,0,0,0,0,3,0,17
5548,0,0,0,0,0,0,0,0,0,0,0,0,0,0,0,0,0,0,0,0,0,3,0,17
5550,0,0,0,0,0,0,0,0,0,0,0,0,0,0,0,0,0,0,0,0,0,3,0,17
5551,0,0,0,0,0,0,0,0,0,0,0,0,0,0,0,0,0,0,0,0,0,3,0,17
5552,0,0,0,0,0,0,0,0,0,0,0,0,0,0,0,0,0,0,0,0,0,3,0,17
5553,0,0,0,0,0,0,0,0,0,0,0,0,0,0,0,0,0,0,0,0,0,3,0,17
5555,0,0,0,0,0,0,0,0,0,0,0,0,0,0,0,0,0,0,0,0,0,3,0,17
5556,0,0,0,0,0,0,0,0,0,0,0,0,0,0,0,0,0,0,0,0,0,3,0,17
5557,0,0,0,0,0,0,0,0,0,0,0,0,0,0,0,0,0,0,0,0,0,3,0,17
5559,0,0,0,0,0,0,0,0,0,0,0,0,0,0,0,0,0,0,0,0,0,3,0,17
5560,0,0,0,0,0,0,0,0,0,0,0,0,0,0,0,0,0,0,0,0,0,3,0,17
5562,0,0,0,0,0,0,0,0,0,0,0,0,0,0,0,0,0,0,0,0,0,3,0,17
5563,0,0,0,0,0,0,0,0,0,0,0,0,0,0,0,0,0,0,0,0,0,3,0,17
5576,0,0,0,0,0,0,0,0,0,0,0,0,0,0,0,0,0,0,0,0,0,3,0,17
5577,0,0,0,0,0,0,0,0,0,0,0,0,0,0,0,0,0,0,0,0,0,3,0,17
5578,0,0,0,0,0,0,0,0,0,0,0,0,0,0,0,0,0,0,0,0,0,3,0,17
5580,0,0,0,0,0,0,0,0,0,0,0,0,0,0,0,0,0,0,0,0,0,3,0,17
5582,0,0,0,0,0,0,0,0,0,0,0,0,0,0,0,0,0,0,0,0,0,3,0,17
5583,0,0,0,0,0,0,0,0,0,0,0,0,0,0,0,0,0,0,0,0,0,3,0,17
5586,0,0,0,0,0,0,0,0,0,0,0,0,0,0,0,0,0,0,0,0,0,3,0,17
5588,0,0,0,0,0,0,0,0,0,0,0,0,0,0,0,0,0,0,0,0,0,3,0,17
5589,0,0,0,0,0,0,0,0,0,0,0,0,0,0,0,0,0,0,0,0,0,3,0,17
5591,0,0,0,0,0,0,0,0,0,0,0,0,0,0,0,0,0,0,0,0,0,3,0,17
5597,0,0,0,0,0,0,0,0,0,0,0,0,0,0,0,0,0,0,0,0,0,3,0,17
5599,0,0,0,0,0,0,0,0,0,0,0,0,0,0,0,0,0,0,0,0,0,3,0,17
5601,0,0,0,0,0,0,0,0,0,0,0,0,0,0,0,0,0,0,0,0,0,3,0,17
5602,0,0,0,0,0,0,0,0,0,0,0,0,0,0,0,0,0,0,0,0,0,3,0,17
5603,0,0,0,0,0,0,0,0,0,0,0,0,0,0,0,0,0,0,0,0,0,3,0,17
5605,0,0,0,0,0,0,0,0,0,0,0,0,0,0,0,0,0,0,0,0,0,3,0,17
5606,0,0,0,0,0,0,0,0,0,0,0,0,0,0,0,0,0,0,0,0,0,3,0,17
5607,0,0,0,0,0,0,0,0,0,0,0,0,0,0,0,0,0,0,0,0,0,3,0,17
5608,0,0,0,0,0,0,0,0,0,0,0,0,0,0,0,0,0,0,0,0,0,3,0,17
5610,0,0,0,0,0,0,0,0,0,0,0,0,0,0,0,0,0,0,0,0,0,3,0,17
5612,0,0,0,0,0,0,0,0,0,0,0,0,0,0,0,0,0,0,0,0,0,3,0,17
5613,0,0,0,0,0,0,0,0,0,0,0,0,0,0,0,0,0,0,0,0,0,3,0,17
5615,0,0,0,0,0,0,0,0,0,0,0,0,0,0,0,0,0,0,0,0,0,3,0,17
5616,0,0,0,0,0,0,0,0,0,0,0,0,0,0,0,0,0,0,0,0,0,3,0,17
5620,0,0,0,0,0,0,0,0,0,0,0,0,0,0,0,0,0,0,0,0,0,3,0,17
5622,0,0,0,0,0,0,0,0,0,0,0,0,0,0,0,0,0,0,0,0,0,3,0,17
5623,0,0,0,0,0,0,0,0,0,0,0,0,0,0,0,0,0,0,0,0,0,3,0,17
5624,0,0,0,0,0,0,0,0,0,0,0,0,0,0,0,0,0,0,0,0,0,3,0,17
5626,0,0,0,0,0,0,0,0,0,0,0,0,0,0,0,0,0,0,0,0,0,3,0,17
5628,0,0,0,0,0,0,0,0,0,0,0,0,0,0,0,0,0,0,0,0,0,3,0,17
5630,0,0,0,0,0,0,0,0,0,0,0,0,0,0,0,0,0,0,0,0,0,3,0,17
5631,0,0,0,0,0,0,0,0,0,0,0,0,0,0,0,0,0,0,0,0,0,3,0,17
5632,0,0,0,0,0,0,0,0,0,0,0,0,0,0,0,0,0,0,0,0,0,3,0,17
5635,0,0,0,0,0,0,0,0,0,0,0,0,0,0,0,0,0,0,0,0,0,3,0,17
5739,0,0,0,0,0,0,0,0,0,1,0,0,0,0,0,0,0,0,0,0,0,3,1,16
5740,0,0,0,0,0,0,0,0,0,1,0,0,0,0,0,0,0,0,0,0,0,3,1,16
5742,0,0,0,0,0,0,0,0,0,1,0,0,0,0,0,0,0,0,0,0,0,3,1,16
5743,0,0,0,0,0,0,0,0,0,1,0,0,0,0,0,0,0,0,0,0,0,3,1,16
5744,0,0,0,0,0,0,0,0,0,0,0,0,0,0,0,0,0,0,0,0,0,3,0,17
5748,0,0,0,0,0,0,0,0,0,1,0,0,0,0,0,0,0,0,0,0,0,3,1,16
5749,0,0,0,0,0,0,0,0,0,1,0,0,0,0,0,0,0,0,0,0,0,3,1,16
5750,0,0,0,0,0,0,0,0,0,1,0,0,0,0,0,0,0,0,0,0,0,3,1,16
5751,0,0,0,0,0,0,0,0,0,1,0,0,0,0,0,0,0,0,0,0,0,3,1,16
5753,0,0,0,0,0,0,0,0,0,1,0,0,0,0,0,0,0,0,0,0,0,3,1,16
5754,0,0,0,0,0,0,0,0,0,0,0,0,0,0,0,0,0,0,0,0,0,3,0,17
5765,0,0,0,0,0,0,0,0,0,1,0,0,0,0,0,0,0,0,0,0,0,3,1,16
5768,0,0,0,0,0,0,0,0,0,1,0,0,0,0,0,0,0,0,0,0,0,3,1,16
5769,0,0,0,0,0,0,0,0,0,1,0,0,0,0,0,0,0,0,0,0,0,3,1,16
5771,0,0,0,0,0,0,0,0,0,1,0,0,0,0,0,0,0,0,0,0,0,3,1,16
5773,0,0,0,0,0,0,0,0,0,1,0,0,0,0,0,0,0,0,0,0,0,3,1,16
5774,0,0,0,0,0,0,0,0,0,1,0,0,0,0,0,0,0,0,0,0,0,3,1,16
5777,0,0,0,0,0,0,0,0,0,1,0,0,0,0,0,0,0,0,0,0,0,3,1,16
5785,0,0,0,0,0,0,0,0,0,1,0,0,0,0,0,0,0,0,0,0,0,3,1,16
5789,0,0,0,0,0,0,0,0,0,1,0,0,0,0,0,0,0,0,0,0,0,3,1,16
5793,0,0,0,0,0,0,0,0,0,1,0,0,0,0,0,0,0,0,0,0,0,3,1,16
5794,0,0,0,0,0,0,0,0,0,1,0,0,0,0,0,0,0,0,0,0,0,3,1,16
5798,0,0,0,0,0,0,0,0,0,1,0,0,0,0,0,0,0,0,0,0,0,3,1,16
5800,0,0,0,0,0,0,0,0,0,1,0,0,0,0,0,0,0,0,0,0,0,3,1,16
5805,0,0,0,0,0,0,0,0,0,1,0,0,0,0,0,0,0,0,0,0,0,3,1,16
5806,0,0,0,0,0,0,0,0,0,1,0,0,0,0,0,0,0,0,0,0,0,3,1,16
5807,0,0,0,0,0,0,0,0,0,1,0,0,0,0,0,0,0,0,0,0,0,3,1,16
5808,0,0,0,0,0,0,0,0,0,1,0,0,0,0,0,0,0,0,0,0,0,3,1,16
5809,0,0,0,0,0,0,0,0,0,1,0,0,0,0,0,0,0,0,0,0,0,3,1,16
5812,0,0,0,0,0,0,0,0,0,1,0,0,0,0,0,0,0,0,0,0,0,3,1,16
5831,0,0,0,0,0,0,0,0,0,1,0,0,0,0,0,0,0,0,0,0,0,3,1,16
5832,0,0,0,0,0,0,0,0,0,1,0,0,0,0,0,0,0,0,0,0,0,3,1,16
5834,0,0,0,0,0,0,0,0,0,1,0,0,0,0,0,0,0,0,0,0,0,3,1,16
5835,0,0,0,0,0,0,0,0,0,1,0,0,0,0,0,0,0,0,0,0,0,3,1,16
5836,0,0,0,0,0,0,0,0,0,1,0,0,0,0,0,0,0,0,0,0,0,3,1,16
5837,0,0,0,0,0,0,0,0,0,1,0,0,0,0,0,0,0,0,0,0,0,3,1,16
5840,0,0,0,0,0,0,0,0,0,1,0,0,0,0,0,0,0,0,0,0,0,3,1,16
5849,0,0,0,0,0,0,0,0,0,1,0,0,0,0,0,0,0,0,0,0,0,3,1,16
5850,0,0,0,0,0,0,0,0,0,1,0,0,0,0,0,0,0,0,0,0,0,3,1,16
5851,0,0,0,0,0,0,0,0,0,1,0,0,0,0,0,0,0,0,0,0,0,3,1,16
5852,0,0,0,0,0,0,0,0,0,1,0,0,0,0,0,0,0,0,0,0,0,3,1,16
5855,0,0,0,0,0,0,0,0,0,1,0,0,0,0,0,0,0,0,0,0,0,3,1,16
5856,0,0,0,0,0,0,0,0,0,1,0,0,0,0,0,0,0,0,0,0,0,3,1,16
5858,0,0,0,0,0,0,0,0,0,1,0,0,0,0,0,0,0,0,0,0,0,3,1,16
5859,0,0,0,0,0,0,0,0,0,1,0,0,0,0,0,0,0,0,0,0,0,3,1,16
5860,0,0,0,0,0,0,0,0,0,1,0,0,0,0,0,0,0,0,0,0,0,3,1,16
5867,0,0,0,0,0,0,0,0,0,1,0,0,0,0,0,0,0,0,0,0,0,3,1,16
5870,0,0,0,0,0,0,0,0,0,1,0,0,0,0,0,0,0,0,0,0,0,3,1,16
5876,0,0,0,0,0,0,0,0,0,1,0,0,0,0,0,0,0,0,0,0,0,3,1,16
5877,0,0,0,0,0,0,0,0,0,1,0,0,0,0,0,0,0,0,0,0,0,3,1,16
5879,0,0,0,0,0,0,0,0,0,1,0,0,0,0,0,0,0,0,0,0,0,3,1,16
5881,0,0,0,0,0,0,0,0,0,1,0,0,0,0,0,0,0,0,0,0,0,3,1,16
5882,0,0,0,0,0,0,0,0,0,0,0,0,0,0,0,0,0,0,0,0,0,3,0,17
5884,0,0,0,0,0,0,0,0,0,1,0,0,0,0,0,0,0,0,0,0,0,3,1,16
5937,0,0,0,0,0,0,0,0,0,0,0,0,0,0,0,0,0,0,0,0,0,3,0,17
5939,0,0,0,0,0,0,0,0,0,0,0,0,0,0,0,0,0,0,0,0,0,3,0,17
5942,0,0,0,0,0,0,0,0,0,0,0,0,0,0,0,0,0,0,0,0,0,3,0,17
5944,0,0,0,0,0,0,0,0,0,0,0,0,0,0,0,0,0,0,0,0,0,3,0,17
5949,0,0,0,0,0,0,0,0,0,0,0,0,0,0,0,0,0,0,0,0,0,3,0,17
5952,0,0,0,0,0,0,0,0,0,0,0,0,0,0,0,0,0,0,0,0,0,3,0,17
5953,0,0,0,0,0,0,0,0,0,0,0,0,0,0,0,0,0,0,0,0,0,3,0,17
5955,0,0,0,0,0,0,0,0,0,0,0,0,0,0,0,0,0,0,0,0,0,3,0,17
5956,0,0,0,0,0,0,0,0,0,0,0,0,0,0,0,0,0,0,0,0,0,3,0,17
5957,0,0,0,0,0,0,0,0,0,0,0,0,0,0,0,0,0,0,0,0,0,3,0,17
5960,0,0,0,0,0,0,0,0,0,0,0,0,0,0,0,0,0,0,0,0,0,3,0,17
5961,0,0,0,0,0,0,0,0,0,0,0,0,0,0,0,0,0,0,0,0,0,3,0,17
5965,0,0,0,0,0,0,0,0,0,0,0,0,0,0,0,0,0,0,0,0,0,3,0,17
5966,0,0,0,0,0,0,0,0,0,0,0,0,0,0,0,0,0,0,0,0,0,3,0,17
5968,0,0,0,0,0,0,0,0,0,0,0,0,0,0,0,0,0,0,0,0,0,3,0,17
5969,0,0,0,0,0,0,0,0,0,0,0,0,0,0,0,0,0,0,0,0,0,3,0,17
5973,0,0,0,0,0,0,0,0,0,0,0,0,0,0,0,0,0,0,0,0,0,3,0,17
5974,0,0,0,0,0,0,0,0,0,0,0,0,0,0,0,0,0,0,0,0,0,3,0,17
5977,0,0,0,0,0,0,0,0,0,0,0,0,0,0,0,0,0,0,0,0,0,3,0,17
5990,0,0,0,0,0,0,0,0,0,0,0,0,0,0,0,0,0,0,0,0,0,3,0,17
5991,0,0,0,0,0,0,0,0,0,0,0,0,0,0,0,0,0,0,0,0,0,3,0,17
5995,0,0,0,0,0,0,0,0,0,0,0,0,0,0,0,0,0,0,0,0,0,3,0,17
5996,0,0,0,0,0,0,0,0,0,0,0,0,0,0,0,0,0,0,0,0,0,3,0,17
5998,0,0,0,0,0,0,0,0,0,0,0,0,0,0,0,0,0,0,0,0,0,3,0,17
6000,0,0,0,0,0,0,0,0,0,0,0,0,0,0,0,0,0,0,0,0,0,3,0,17
6001,0,0,0,0,0,0,0,0,0,0,0,0,0,0,0,0,0,0,0,0,0,3,0,17
6002,0,0,0,0,0,0,0,0,0,0,0,0,0,0,0,0,0,0,0,0,0,3,0,17
6006,0,0,0,0,0,0,0,0,0,0,0,0,0,0,0,0,0,0,0,0,0,3,0,17
6008,0,0,0,0,0,0,0,0,0,0,0,0,0,0,0,0,0,0,0,0,0,3,0,17
6010,0,0,0,0,0,0,0,0,0,0,0,0,0,0,0,0,0,0,0,0,0,3,0,17
6011,0,0,0,0,0,0,0,0,0,0,0,0,0,0,0,0,0,0,0,0,0,3,0,17
6012,0,0,0,0,0,0,0,0,0,0,0,0,0,0,0,0,0,0,0,0,0,3,0,17
6013,0,0,0,0,0,0,0,0,0,0,0,0,0,0,0,0,0,0,0,0,0,3,0,17
6016,0,0,0,0,0,0,0,0,0,0,0,0,0,0,0,0,0,0,0,0,0,3,0,17
6018,0,0,0,0,0,0,0,0,0,0,0,0,0,0,0,0,0,0,0,0,0,3,0,17
6020,0,0,0,0,0,0,0,0,0,0,0,0,0,0,0,0,0,0,0,0,0,3,0,17
6022,0,0,0,0,0,0,0,0,0,0,0,0,0,0,0,0,0,0,0,0,0,3,0,17
6023,0,0,0,0,0,0,0,0,0,0,0,0,0,0,0,0,0,0,0,0,0,3,0,17
6025,0,0,0,0,0,0,0,0,0,0,0,0,0,0,0,0,0,0,0,0,0,3,0,17
6026,0,0,0,0,0,0,0,0,0,0,0,0,0,0,0,0,0,0,0,0,0,3,0,17
6030,0,0,0,0,0,0,0,0,0,0,0,0,0,0,0,0,0,0,0,0,0,3,0,17
6032,0,0,0,0,0,0,0,0,0,0,0,0,0,0,0,0,0,0,0,0,0,3,0,17
6034,0,0,0,0,0,0,0,0,0,0,0,0,0,0,0,0,0,0,0,0,0,3,0,17
6038,0,0,0,0,0,0,0,0,0,0,0,0,0,0,0,0,0,0,0,0,0,3,0,17
6042,0,0,0,0,0,0,0,0,0,0,0,0,0,0,0,0,0,0,0,0,0,3,0,17
6043,0,0,0,0,0,0,0,0,0,0,0,0,0,0,0,0,0,0,0,0,0,3,0,17
6045,0,0,0,0,0,0,0,0,0,0,0,0,0,0,0,0,0,0,0,0,0,3,0,17
6046,0,0,0,0,0,0,0,0,0,0,0,0,0,0,0,0,0,0,0,0,0,3,0,17
6048,0,0,0,0,0,0,0,0,0,0,0,0,0,0,0,0,0,0,0,0,0,3,0,17
6054,0,0,0,0,0,0,0,0,0,0,0,0,0,0,0,0,0,0,0,0,0,3,0,17
6055,0,0,0,0,0,0,0,0,0,0,0,0,0,0,0,0,0,0,0,0,0,3,0,17
6057,0,0,0,0,0,0,0,0,0,0,0,0,0,0,0,0,0,0,0,0,0,3,0,17
6058,0,0,0,0,0,0,0,0,0,0,0,0,0,0,0,0,0,0,0,0,0,3,0,17
6062,0,0,0,0,0,0,0,0,0,0,0,0,0,0,0,0,0,0,0,0,0,3,0,17
6063,0,0,0,0,0,0,0,0,0,0,0,0,0,0,0,0,0,0,0,0,0,3,0,17
6065,0,0,0,0,0,0,0,0,0,0,0,0,0,0,0,0,0,0,0,0,0,3,0,17
6066,0,0,0,0,0,0,0,0,0,0,0,0,0,0,0,0,0,0,0,0,0,3,0,17
6070,0,0,0,0,0,0,0,0,0,0,0,0,0,0,0,0,0,0,0,0,0,3,0,17
6072,0,0,0,0,0,0,0,0,0,0,0,0,0,0,0,0,0,0,0,0,0,3,0,17
6073,0,0,0,0,0,0,0,0,0,0,0,0,0,0,0,0,0,0,0,0,0,3,0,17
6078,0,0,0,0,0,0,0,0,0,0,0,0,0,0,0,0,0,0,0,0,0,3,0,17
6092,0,0,0,0,0,0,0,0,0,0,0,0,0,0,0,0,0,0,0,0,0,3,0,17
6093,0,0,0,0,0,0,0,0,0,0,0,0,0,0,0,0,0,0,0,0,0,3,0,17
6094,0,0,0,0,0,0,0,0,0,0,0,0,0,0,0,0,0,0,0,0,0,3,0,17
6097,0,0,0,0,0,0,0,0,0,0,0,0,0,0,0,0,0,0,0,0,0,3,0,17
6098,0,0,0,0,0,0,0,0,0,0,0,0,0,0,0,0,0,0,0,0,0,3,0,17
6140,0,0,0,0,0,1,1,1,1,1,1,1,1,1,1,1,1,1,1,1,0,3,15,2
6141,0,0,0,0,0,1,1,1,1,0,1,1,1,1,1,1,1,1,1,1,0,3,14,3
6143,0,0,0,0,0,1,1,1,1,1,1,1,1,1,1,1,1,1,1,1,0,3,15,2
6144,0,0,0,0,0,1,1,1,1,1,1,1,1,1,1,1,1,1,1,1,0,3,15,2
6145,0,0,0,0,0,1,1,1,1,1,1,1,1,1,1,1,1,1,1,1,0,3,15,2
6147,0,0,0,0,0,1,1,1,1,1,1,1,1,1,1,1,1,1,1,1,0,3,15,2
6152,0,0,0,0,0,1,1,1,1,1,1,1,1,1,1,1,1,1,1,1,0,3,15,2
6156,0,0,0,0,0,1,1,1,1,1,1,1,1,1,1,1,1,1,1,1,0,3,15,2
6165,1,1,1,0,0,1,1,1,1,1,1,1,1,1,1,1,1,1,1,1,3,0,15,2
6166,1,1,1,0,0,1,1,1,1,1,1,1,1,1,1,1,1,1,1,1,3,0,15,2
6167,1,1,1,0,0,1,1,1,1,1,1,1,1,1,1,1,1,1,1,1,3,0,15,2
6179,1,1,1,0,0,0,0,0,0,1,0,0,0,0,0,0,0,0,0,0,3,0,1,16
6180,1,1,1,0,0,0,0,0,0,1,0,0,0,0,0,0,0,0,0,0,3,0,1,16
6185,1,1,1,0,0,0,0,0,0,1,0,0,0,0,0,0,0,0,0,0,3,0,1,16
6187,1,1,1,0,0,0,0,0,0,1,0,0,0,0,0,0,0,0,0,0,3,0,1,16
6188,1,1,1,0,0,0,0,0,0,1,0,0,0,0,0,0,0,0,0,0,3,0,1,16
6189,1,1,1,0,0,0,0,0,0,1,0,0,0,0,0,0,0,0,0,0,3,0,1,16
6191,1,1,1,0,0,0,0,0,0,1,0,0,0,0,0,0,0,0,0,0,3,0,1,16
6192,0,0,0,0,0,0,0,0,0,0,0,0,0,0,0,0,0,0,0,0,0,3,0,17
6194,1,1,1,0,0,0,0,0,0,1,0,0,0,0,0,0,0,0,0,0,3,0,1,16
6195,1,1,1,0,0,0,0,0,0,1,0,0,0,0,0,0,0,0,0,0,3,0,1,16
6196,1,1,1,0,0,0,0,0,0,1,0,0,0,0,0,0,0,0,0,0,3,0,1,16
6205,0,0,0,0,0,1,1,1,1,0,1,1,1,1,1,1,1,1,1,1,0,3,14,3
6207,0,0,0,0,0,1,1,1,1,0,1,1,1,1,1,1,1,1,1,1,0,3,14,3
6208,0,0,0,0,0,1,1,1,1,0,1,1,1,1,1,1,1,1,1,1,0,3,14,3
6209,0,0,0,0,0,1,1,1,1,0,1,1,1,1,1,1,1,1,1,1,0,3,14,3
6218,0,0,0,0,0,0,0,0,0,1,0,0,0,0,0,0,0,0,0,0,0,3,1,16
6219,0,0,0,0,0,0,0,0,0,1,0,0,0,0,0,0,0,0,0,0,0,3,1,16
6221,0,0,0,0,0,0,0,0,0,1,0,0,0,0,0,0,0,0,0,0,0,3,1,16
6222,0,0,0,0,0,0,0,0,0,1,0,0,0,0,0,0,0,0,0,0,0,3,1,16
6224,0,0,0,0,0,0,0,0,0,1,0,0,0,0,0,0,0,0,0,0,0,3,1,16
6225,0,0,0,0,0,0,0,0,0,1,0,0,0,0,0,0,0,0,0,0,0,3,1,16
6239,0,0,0,0,0,1,1,1,1,1,1,1,1,1,1,1,1,1,1,1,0,3,15,2
6240,0,0,0,0,0,0,0,0,0,0,0,0,0,0,0,0,0,0,0,0,0,3,0,17
6241,0,0,0,0,0,0,0,0,0,0,0,0,0,0,0,0,0,0,0,0,0,3,0,17
6243,0,0,0,0,0,0,0,0,0,0,0,0,0,0,0,0,0,0,0,0,0,3,0,17
6244,0,0,0,0,0,0,0,0,0,0,0,0,0,0,0,0,0,0,0,0,0,3,0,17
6255,0,0,0,0,0,0,0,1,1,0,0,0,0,0,0,0,0,0,0,0,0,3,2,15
6256,0,0,0,0,0,0,0,1,1,0,0,0,0,0,0,0,0,0,0,0,0,3,2,15
6269,1,1,1,1,1,1,1,1,1,1,1,1,1,1,1,1,1,1,1,1,3,0,17,0
6280,1,1,1,1,1,1,1,1,1,1,1,1,1,1,1,1,1,1,1,1,3,0,17,0
6350,1,1,1,1,1,1,1,1,1,1,1,1,1,1,1,1,1,1,1,1,3,0,17,0
6351,1,1,1,1,1,1,1,1,1,1,1,1,1,1,1,1,1,1,1,1,3,0,17,0
6353,1,1,1,1,1,1,1,1,1,1,1,1,1,1,1,1,1,1,1,1,3,0,17,0
6354,1,1,1,1,1,1,1,1,1,1,1,1,1,1,1,1,1,1,1,1,3,0,17,0
6356,0,0,0,0,0,0,0,0,0,0,0,0,0,0,0,0,0,0,0,0,0,3,0,17
6357,0,0,0,0,0,0,0,0,0,0,0,0,0,0,0,0,0,0,0,0,0,3,0,17
6359,0,0,0,0,0,0,0,0,0,0,0,0,0,0,0,0,0,0,0,0,0,3,0,17
6360,0,0,0,0,0,0,0,0,0,0,0,0,0,0,0,0,0,0,0,0,0,3,0,17
6361,0,0,0,0,0,0,0,0,0,0,0,0,0,0,0,0,0,0,0,0,0,3,0,17
6363,0,0,0,0,0,0,0,0,0,0,0,0,0,0,0,0,0,0,0,0,0,3,0,17
6364,0,0,0,0,0,0,0,0,0,0,0,0,0,0,0,0,0,0,0,0,0,3,0,17
6366,0,0,0,0,0,0,0,0,0,0,0,0,0,0,0,0,0,0,0,0,0,3,0,17
6367,0,0,0,0,0,0,0,0,0,0,0,0,0,0,0,0,0,0,0,0,0,3,0,17
6368,0,0,0,0,0,0,0,0,0,0,0,0,0,0,0,0,0,0,0,0,0,3,0,17
6370,0,0,0,0,0,0,0,0,0,0,0,0,0,0,0,0,0,0,0,0,0,3,0,17
6374,0,0,0,0,0,0,0,0,0,0,0,0,0,0,0,0,0,0,0,0,0,3,0,17
6375,0,0,0,0,0,0,0,0,0,0,0,0,0,0,0,0,0,0,0,0,0,3,0,17
6376,0,0,0,0,0,0,0,0,0,0,0,0,0,0,0,0,0,0,0,0,0,3,0,17
6377,0,0,0,0,0,0,0,0,0,0,0,0,0,0,0,0,0,0,0,0,0,3,0,17
6380,0,0,0,0,0,0,0,0,0,0,0,0,0,0,0,0,0,0,0,0,0,3,0,17
6381,0,0,0,0,0,0,0,0,0,0,0,0,0,0,0,0,0,0,0,0,0,3,0,17
6384,0,0,0,0,0,0,0,0,0,0,0,0,0,0,0,0,0,0,0,0,0,3,0,17
6385,0,0,0,0,0,0,0,0,0,0,0,0,0,0,0,0,0,0,0,0,0,3,0,17
6386,0,0,0,0,0,0,0,0,0,0,0,0,0,0,0,0,0,0,0,0,0,3,0,17
6387,0,0,0,0,0,0,0,0,0,0,0,0,0,0,0,0,0,0,0,0,0,3,0,17
6391,0,0,0,0,0,0,0,0,0,0,0,0,0,0,0,0,0,0,0,0,0,3,0,17
6392,0,0,0,0,0,0,0,0,0,0,0,0,0,0,0,0,0,0,0,0,0,3,0,17
6393,0,0,0,0,0,0,0,0,0,0,0,0,0,0,0,0,0,0,0,0,0,3,0,17
6402,0,0,0,0,0,0,0,0,0,0,0,0,0,0,0,0,0,0,0,0,0,3,0,17
6403,0,0,0,0,0,0,0,0,0,0,0,0,0,0,0,0,0,0,0,0,0,3,0,17
6409,0,0,0,0,0,0,0,0,0,0,0,0,0,0,0,0,0,0,0,0,0,3,0,17
6414,0,0,0,0,0,0,0,0,0,0,0,0,0,0,0,0,0,0,0,0,0,3,0,17
6415,0,0,0,0,0,0,0,0,0,0,0,0,0,0,0,0,0,0,0,0,0,3,0,17
6416,0,0,0,0,0,0,0,0,0,0,0,0,0,0,0,0,0,0,0,0,0,3,0,17
6418,0,0,0,0,0,0,0,0,0,0,0,0,0,0,0,0,0,0,0,0,0,3,0,17
6420,0,0,0,0,0,0,0,0,0,0,0,0,0,0,0,0,0,0,0,0,0,3,0,17
6425,0,0,0,0,0,0,0,0,0,0,0,0,0,0,0,0,0,0,0,0,0,3,0,17
6426,0,0,0,0,0,0,0,0,0,0,0,0,0,0,0,0,0,0,0,0,0,3,0,17
6427,0,0,0,0,0,0,0,0,0,0,0,0,0,0,0,0,0,0,0,0,0,3,0,17
6439,0,0,0,0,0,0,0,0,0,0,1,0,0,0,0,0,0,0,0,1,0,3,2,15
6440,0,0,0,0,0,0,0,0,0,0,0,0,0,0,0,0,0,0,0,0,0,3,0,17
6441,0,0,0,0,0,0,0,0,0,0,1,0,0,0,0,0,0,0,0,1,0,3,2,15
6442,0,0,0,0,0,0,0,0,0,0,1,0,0,0,0,0,0,0,0,1,0,3,2,15
6444,0,0,0,0,0,0,0,0,0,0,0,0,0,0,0,0,0,0,0,0,0,3,0,17
6446,0,0,0,0,0,0,0,0,0,0,1,0,0,0,0,0,0,0,0,1,0,3,2,15
6447,0,0,0,0,0,0,0,0,0,0,0,0,0,0,0,0,0,0,0,0,0,3,0,17
6448,0,0,0,0,0,0,0,0,0,0,0,0,0,0,0,0,0,0,0,0,0,3,0,17
6450,0,0,0,0,0,0,0,0,0,0,1,0,0,0,0,0,0,0,0,1,0,3,2,15
6460,0,0,0,0,0,0,0,0,0,0,0,0,0,0,0,0,0,0,0,0,0,3,0,17
6462,0,0,0,0,0,0,0,0,0,0,0,0,0,0,0,0,0,0,0,0,0,3,0,17
6463,0,0,0,0,0,0,0,0,0,0,0,0,0,0,0,0,0,0,0,0,0,3,0,17
6553,0,0,0,0,0,1,1,1,1,0,1,1,1,1,1,1,1,1,1,1,0,3,14,3
6554,0,0,0,0,0,1,1,1,1,0,1,1,1,1,1,1,1,1,1,1,0,3,14,3
6555,0,0,0,0,0,1,1,1,1,0,1,1,1,1,1,1,1,1,1,1,0,3,14,3
6557,0,0,0,0,0,1,1,1,1,0,1,1,1,1,1,1,1,1,1,1,0,3,14,3
6558,0,0,0,0,0,1,1,1,1,0,1,1,1,1,1,1,1,1,1,1,0,3,14,3
6559,0,0,0,0,0,1,1,1,1,0,1,1,1,1,1,1,1,1,1,1,0,3,14,3
6563,0,0,0,0,0,1,1,1,1,0,1,1,1,1,1,1,1,1,1,1,0,3,14,3
6564,0,0,0,0,0,1,1,1,1,0,1,1,1,1,1,1,1,1,1,1,0,3,14,3
6565,0,0,0,0,0,1,1,1,1,0,1,1,1,1,1,1,1,1,1,1,0,3,14,3
6566,0,0,0,0,0,1,1,1,1,0,1,1,1,1,1,1,1,1,1,1,0,3,14,3
6568,0,0,0,0,0,1,1,1,1,0,1,1,1,1,1,1,1,1,1,1,0,3,14,3
6569,0,0,0,0,0,0,0,0,0,0,0,0,0,0,0,0,0,0,0,0,0,3,0,17
6571,0,0,0,0,0,1,1,1,1,0,1,1,1,1,1,1,1,1,1,1,0,3,14,3
6572,0,0,0,0,0,1,1,1,1,0,1,1,1,1,1,1,1,1,1,1,0,3,14,3
6575,0,0,0,0,0,1,1,1,1,0,1,1,1,1,1,1,1,1,1,1,0,3,14,3
6577,0,0,0,0,0,1,1,1,1,0,1,1,1,1,1,1,1,1,1,1,0,3,14,3
6578,0,0,0,0,0,1,1,1,1,0,1,1,1,1,1,1,1,1,1,1,0,3,14,3
6579,0,0,0,0,0,1,1,1,1,0,1,1,1,1,1,1,1,1,1,1,0,3,14,3
6581,0,0,0,0,0,1,1,1,1,0,1,1,1,1,1,1,1,1,1,1,0,3,14,3
6582,0,0,0,0,0,1,1,1,1,0,1,1,1,1,1,1,1,1,1,1,0,3,14,3
6584,0,0,0,0,0,1,1,1,1,0,1,1,1,1,1,1,1,1,1,1,0,3,14,3
6585,0,0,0,0,0,0,0,0,0,0,0,0,0,0,0,0,0,0,0,0,0,3,0,17
6587,0,0,0,0,0,0,0,0,0,0,0,0,0,0,0,0,0,0,0,0,0,3,0,17
6588,0,0,0,0,0,0,0,0,0,0,0,0,0,0,0,0,0,0,0,0,0,3,0,17
6590,0,0,0,0,0,1,1,1,1,0,1,1,1,1,1,1,1,1,1,1,0,3,14,3
6592,0,0,0,0,0,1,1,1,1,0,1,1,1,1,1,1,1,1,1,1,0,3,14,3
6606,0,0,0,0,0,1,1,1,1,0,1,1,1,1,1,1,1,1,1,1,0,3,14,3
6607,0,0,0,0,0,1,1,1,1,0,1,1,1,1,1,1,1,1,1,1,0,3,14,3
6611,0,0,0,0,0,1,1,1,1,0,1,1,1,1,1,1,1,1,1,1,0,3,14,3
6614,0,0,0,0,0,1,1,1,1,0,1,1,1,1,1,1,1,1,1,1,0,3,14,3
6615,0,0,0,0,0,1,1,1,1,0,1,1,1,1,1,1,1,1,1,1,0,3,14,3
6632,0,0,0,0,0,1,1,1,1,0,1,1,1,1,1,1,1,1,1,1,0,3,14,3
6633,0,0,0,0,0,1,1,1,1,0,1,1,1,1,1,1,1,1,1,1,0,3,14,3
6635,0,0,0,0,0,1,1,1,1,0,1,1,1,1,1,1,1,1,1,1,0,3,14,3
6636,0,0,0,0,0,1,1,1,1,0,1,1,1,1,1,1,1,1,1,1,0,3,14,3
6637,0,0,0,0,0,1,1,1,1,0,1,1,1,1,1,1,1,1,1,1,0,3,14,3
